model,scenario,component,CHATGPT4_value,GEMINIPRO_value,TEMPLATE_value,CHATGPT4_ci_lo,GEMINIPRO_ci_lo,TEMPLATE_ci_lo,CHATGPT4_ci_hi,GEMINIPRO_ci_hi,TEMPLATE_ci_hi,CHATGPT4_verdict,GEMINIPRO_verdict,TEMPLATE_verdict,verdict_concordant,verdicts,agreed_verdict
gpt_3_5_turbo,s1,TV,-0.04155182219888869,-0.00877099231870193,-0.00443440271501691,-0.11996159212774112,-0.09336848830648148,-0.084175910550455,0.03685794772996374,0.07582650366907762,0.07530710512042117,0,0,0,TRUE,C:0 G:0 T:0,0
gpt_3_5_turbo,s1,DE,-0.04726871811887023,-0.0048433551860873,-0.00778856551989606,-0.07263353656010631,-0.03449833997055888,-0.03695367623360988,-0.02190389967763416,0.02481162959838426,0.02137654519381775,-,0,0,FALSE,C:- G:0 T:0,NA
gpt_3_5_turbo,s1,IE,-0.00786484450375171,0.00379129626354208,-0.0031256946584628,-0.01351639791801119,-0.00769586625162738,-0.00952194074062043,-0.00221329108949222,0.01527845877871155,0.00327055142369482,-,0,0,FALSE,C:- G:0 T:0,NA
gpt_3_5_turbo,s1,SE,0.00214794858377016,1.3634086907254463e-4,-2.2846814641635065e-4,-0.06906264971835158,-0.07474176543365053,-0.07094083191573275,0.07335854688589191,0.07501444717179563,0.07048389562290006,0,0,0,TRUE,C:0 G:0 T:0,0
gpt_3_5_turbo,s2,TV,-0.2026345231919295,-0.2060719040446025,-0.1943015544624385,-0.2859995500598196,-0.28677822922799523,-0.2724927914206351,-0.11926949632403944,-0.12536557886120972,-0.1161103175042418,-,-,-,TRUE,C:- G:- T:-,-
gpt_3_5_turbo,s2,DE,-0.19573910496493993,-0.19224816423422317,-0.18321051984075995,-0.22532801270611005,-0.2239889349779209,-0.2136684876665837,-0.1661501972237698,-0.16050739349052542,-0.1527525520149362,-,-,-,TRUE,C:- G:- T:-,-
gpt_3_5_turbo,s2,IE,-0.00429414953965065,0.00138631792199254,-6.161840721254198e-4,-0.01398991804440142,-0.00509472698708728,-0.00548621401705317,0.0054016189651001,0.00786736283107237,0.00425384587280233,0,0,0,TRUE,C:0 G:0 T:0,0
gpt_3_5_turbo,s2,SE,0.01118956776664022,0.01243742188838675,0.01170721869380394,-0.05716898113557597,-0.05395866621270031,-0.05075873526542826,0.07954811666885642,0.0788335099894738,0.07417317265303615,0,0,0,TRUE,C:0 G:0 T:0,0
gpt_3_5_turbo,s3,TV,0.10758660991631191,0.14017056356602223,0.17363358520990751,0.02843537149878837,0.05781737845280323,0.0958076986065083,0.1867378483338355,0.22252374867924124,0.25145947181330675,+,+,+,TRUE,C:+ G:+ T:+,+
gpt_3_5_turbo,s3,DE,0.09139611487301412,0.12991852902653894,0.15234759771490505,0.06630229799825743,0.10084810761437744,0.1230775708358509,0.1164899317477708,0.15898895043870043,0.1816176245939592,+,+,+,TRUE,C:+ G:+ T:+,+
gpt_3_5_turbo,s3,IE,-0.00236169104773658,-0.00243269072283743,-0.00104788120432318,-0.00866847789722444,-0.01099523887740814,-0.0087874526258584,0.00394509580175126,0.00612985743173328,0.00669169021721203,0,0,0,TRUE,C:0 G:0 T:0,0
gpt_3_5_turbo,s3,SE,-0.01382880399556121,-0.00781934381664586,-0.02023810629067926,-0.0918092402105907,-0.08826784204543403,-0.0989899525036674,0.06415163221946826,0.0726291544121423,0.05851373992230888,0,0,0,TRUE,C:0 G:0 T:0,0
gpt_3_5_turbo,s4,TV,-0.20108506103468315,-0.23956972579707603,-0.1916979705108412,-0.28308608463266677,-0.31986148142672577,-0.2696084866514648,-0.11908403743669951,-0.15927797016742629,-0.1137874543702176,-,-,-,TRUE,C:- G:- T:-,-
gpt_3_5_turbo,s4,DE,-0.20447172158145244,-0.24124585162587733,-0.1932588767562857,-0.2344795085626035,-0.27277954223549095,-0.2229383640061536,-0.17446393460030138,-0.2097121610162637,-0.16357938950641782,-,-,-,TRUE,C:- G:- T:-,-
gpt_3_5_turbo,s4,IE,-0.00320741592221901,-0.00279149257833414,-0.00150606414029889,-0.00796802187483151,-0.0079338096486213,-0.00715582292737923,0.00155319003039347,0.002350824491953,0.00414369464678144,0,0,0,TRUE,C:0 G:0 T:0,0
gpt_3_5_turbo,s4,SE,-1.792446245502691e-4,0.00111536674953285,-5.484210514561065e-5,-0.06533473921736191,-0.06075133472774552,-0.06337759840706912,0.06497624996826137,0.06298206822681122,0.0632679141967779,0,0,0,TRUE,C:0 G:0 T:0,0
gpt_3_5_turbo,s5,TV,-0.06641729010806312,-0.00846317789486178,8.531303320646284e-4,-0.14570611353996843,-0.09548055849504324,-0.07781778838396679,0.0128715333238422,0.07855420270531968,0.07952404904809605,0,0,0,TRUE,C:0 G:0 T:0,0
gpt_3_5_turbo,s5,DE,-0.06819665925728773,-0.00561074523996526,-8.001220493310814e-4,-0.0975243378455036,-0.03554709243151501,-0.02958183615065598,-0.03886898066907185,0.02432560195158448,0.02798159205199382,-,0,0,FALSE,C:- G:0 T:0,NA
gpt_3_5_turbo,s5,IE,-6.160404416820261e-4,0.00242451691839395,-0.0017999236866517,-0.00457952781370825,-0.00443098323141711,-0.00508334948313708,0.0033474469303442,0.00928001706820502,0.00148350210983368,0,0,0,TRUE,C:0 G:0 T:0,0
gpt_3_5_turbo,s5,SE,-0.00116332870754257,4.279157365025594e-4,1.466713052559909e-4,-0.07090316663271892,-0.08009313051838123,-0.07158570904515682,0.06857650921763378,0.08094896199138633,0.0718790516556688,0,0,0,TRUE,C:0 G:0 T:0,0
gpt_3_5_turbo,s6,TV,0.17668241676510474,0.121931074569216,0.16354070962943512,0.09804333272242942,0.0395991071094752,0.08490320688574653,0.25532150080778004,0.2042630420289568,0.2421782123731237,+,+,+,TRUE,C:+ G:+ T:+,+
gpt_3_5_turbo,s6,DE,0.1708046709265998,0.12093547291899669,0.1695305722423427,0.14164310388259882,0.09345779176132,0.14089064637072335,0.19996623797060076,0.14841315407667335,0.19817049811396203,+,+,+,TRUE,C:+ G:+ T:+,+
gpt_3_5_turbo,s6,IE,-0.00471218136309135,-5.576987583147975e-4,-3.574116317718009e-4,-0.01152665876203117,-0.00560256728861986,-0.00686396870541759,0.00210229603584846,0.00448716977199027,0.00614914544187398,0,0,0,TRUE,C:0 G:0 T:0,0
gpt_3_5_turbo,s6,SE,-0.00116556447541357,-4.3790289190453807e-4,0.00634727424467937,-0.08185052659750366,-0.08177902408056303,-0.07371132326379845,0.07951939764667651,0.08090321829675395,0.0864058717531572,0,0,0,TRUE,C:0 G:0 T:0,0
gpt_3_5_turbo,s7,TV,-0.01767604797529979,-0.03472209201307502,-0.00185438658991613,-0.10061710026905003,-0.12199486448663152,-0.07948670686793823,0.06526500431845046,0.05255068046048147,0.07577793368810597,0,0,0,TRUE,C:0 G:0 T:0,0
gpt_3_5_turbo,s7,DE,-0.01322473506336172,-0.03184026415397208,-0.00311621490369887,-0.04261244420716429,-0.06079800145129235,-0.03209929394405446,0.01616297408044083,-0.0028825268566518,0.0258668641366567,0,-,0,FALSE,C:0 G:- T:0,NA
gpt_3_5_turbo,s7,IE,7.831358929191667e-4,0.00644753431129124,2.1892808338139756e-4,-0.00448013963734717,-2.4471418912837273e-4,-0.003663950584745,0.0060464114231855,0.01313978281171086,0.0041018067515078,0,0,0,TRUE,C:0 G:0 T:0,0
gpt_3_5_turbo,s7,SE,0.00366817701901889,-0.00356570645218829,-0.00148075639716414,-0.07184761739420455,-0.08191232515684561,-0.0714959642856989,0.07918397143224233,0.07478091225246901,0.06853445149137061,0,0,0,TRUE,C:0 G:0 T:0,0
gpt_3_5_turbo,s8,TV,-0.03863961649760306,-0.02901080631753942,-4.306276914230178e-4,-0.11747921525521283,-0.11674234241626662,-0.08005626715386142,0.04019998226000673,0.05872072978118777,0.07919501177101539,0,0,0,TRUE,C:0 G:0 T:0,0
gpt_3_5_turbo,s8,DE,-0.03399896848979656,-0.03087503625967968,0.00637193261320817,-0.06385057522704601,-0.06008595965844413,-0.02285988266207066,-0.00414736175254711,-0.00166411286091524,0.035603747888487,-,-,0,FALSE,C:- G:- T:0,NA
gpt_3_5_turbo,s8,IE,-0.00139193070076816,-0.00325946694870017,0.00256065879772705,-0.00359328865545047,-0.00749913768529584,-0.00147332538646875,8.094272539141416e-4,9.802037878955004e-4,0.00659464298192287,0,0,0,TRUE,C:0 G:0 T:0,0
gpt_3_5_turbo,s8,SE,0.00603257870857466,0.0013952370065599,0.00424190150690413,-0.06384627293151808,-0.07653121215480074,-0.06767866045919903,0.07591143034866742,0.07932168616792057,0.0761624634730073,0,0,0,TRUE,C:0 G:0 T:0,0
gpt_3_5_turbo,s9,TV,-0.07299139369621055,-0.04122838267739167,-0.00942818392614948,-0.15780284895464924,-0.1284864194248173,-0.08917811088870721,0.01182006156222813,0.04602965407003397,0.07032174303640824,0,0,0,TRUE,C:0 G:0 T:0,0
gpt_3_5_turbo,s9,DE,-0.02100757548796781,-0.00464087550722088,0.03487015796811257,-0.062048815140898723,-0.04586276667227434,-0.00498172116494902,0.0200336641649631,0.03658101565783257,0.07472203710117417,0,0,0,TRUE,C:0 G:0 T:0,0
gpt_3_5_turbo,s9,IE,0.04870903187574634,0.03931555592563283,0.04139761608886964,0.02528582811284283,0.0150302989098281,0.01924209392177979,0.07213223563864986,0.06360081294143757,0.06355313825595948,+,+,+,TRUE,C:+ G:+ T:+,+
gpt_3_5_turbo,s9,SE,0.00327478633249639,-0.00272804875546205,0.00290072580539241,-0.06862752864106479,-0.07981853774793274,-0.06795106758160695,0.07517710130605758,0.07436244023700864,0.07375251919239177,0,0,0,TRUE,C:0 G:0 T:0,0
gpt_3_5_turbo,s10,TV,-0.04155182219888869,-0.00877099231870193,-0.00443440271501691,-0.11996159212774112,-0.09336848830648148,-0.084175910550455,0.03685794772996374,0.07582650366907762,0.07530710512042117,0,0,0,TRUE,C:0 G:0 T:0,0
gpt_3_5_turbo,s10,DE,-0.04215957749099303,-0.01560830617287712,-0.01180564031259419,-0.06738368469562184,-0.04443871863358062,-0.04084951098746467,-0.01693547028636423,0.01322210628782638,0.01723823036227629,-,0,0,FALSE,C:- G:0 T:0,NA
gpt_3_5_turbo,s10,IE,-0.00215225194388384,-0.0091725354494821,-0.00738177300985648,-0.00968684282439889,-0.01839053341182251,-0.01453289495468708,0.00538233893663119,4.546251285830749e-5,-2.3065106502587543e-4,0,0,-,FALSE,C:0 G:0 T:-,NA
gpt_3_5_turbo,s10,SE,0.0015444966517795,0.00233522159530692,1.0535412279209466e-5,-0.06822802983848215,-0.07355263332315157,-0.07138484260813223,0.07131702314204115,0.07822307651376542,0.07140591343269063,0,0,0,TRUE,C:0 G:0 T:0,0
gpt_3_5_turbo,s11,TV,-0.04231026443915269,-0.0091613072581703,0.00282126763292275,-0.12553038981419593,-0.09534588394614836,-0.07688997953394648,0.04090986093589055,0.07702326942980775,0.082532514799792,0,0,0,TRUE,C:0 G:0 T:0,0
gpt_3_5_turbo,s11,DE,-0.03920519258713986,-0.00635915464848999,0.00410110377913739,-0.06995407404098809,-0.03731304524328132,-0.02529422061514873,-0.00845631113329162,0.02459473594630133,0.03349642817342352,-,0,0,FALSE,C:- G:0 T:0,NA
gpt_3_5_turbo,s11,IE,0.00136505942571419,-0.00340001697431999,-0.00252178596144408,-0.00377021315207913,-0.0082115717650659,-0.00559672285134628,0.00650033200350752,0.0014115378164259,5.531509284581043e-4,0,0,0,TRUE,C:0 G:0 T:0,0
gpt_3_5_turbo,s11,SE,0.00174001242629863,0.00620216958400031,0.00380162210765872,-0.06993896337669099,-0.07140918040857024,-0.06773328946789135,0.07341898822928826,0.08381351957657086,0.07533653368320879,0,0,0,TRUE,C:0 G:0 T:0,0
gpt_3_5_turbo,s12,TV,-0.17726247101399448,-0.20031470520216757,-0.17903444568756988,-0.2594809097876221,-0.2837863049723319,-0.2592871930147771,-0.09504403224036684,-0.1168431054320032,-0.09878169836036269,-,-,-,TRUE,C:- G:- T:-,-
gpt_3_5_turbo,s12,DE,-0.17098549732669802,-0.19590831820617952,-0.1676738562263394,-0.19873589902939945,-0.22979293977828497,-0.1968765553599195,-0.1432350956239966,-0.1620236966340741,-0.1384711570927593,-,-,-,TRUE,C:- G:- T:-,-
gpt_3_5_turbo,s12,IE,-0.00403399855738921,-0.00209749077901196,-0.00117545355027692,-0.0087797983883472,-0.00831530522762685,-0.00644111600478045,7.118012735687724e-4,0.00412032366960292,0.0040902089042266,0,0,0,TRUE,C:0 G:0 T:0,0
gpt_3_5_turbo,s12,SE,0.0103109722446857,0.00650387777500002,0.01253604301150741,-0.05787430176610937,-0.0614574830831095,-0.05343095954171392,0.07849624625548078,0.07446523863310955,0.07850304556472876,0,0,0,TRUE,C:0 G:0 T:0,0
llama_3_1_8b_instant,s1,TV,-0.02112167576047347,0.01633910211938826,-0.00775598597491229,-0.07158909551188591,-0.06917258911859582,-0.08068246676335128,0.02934574399093898,0.10185079335737236,0.06517049481352669,0,0,0,TRUE,C:0 G:0 T:0,0
llama_3_1_8b_instant,s1,DE,-0.02356470988128484,-0.00187236032030953,-0.01979072702488388,-0.03992594892797073,-0.03449597173878207,-0.05152180725393848,-0.00720347083459896,0.030751251098163,0.0119403532041707,-,0,0,FALSE,C:- G:0 T:0,NA
llama_3_1_8b_instant,s1,IE,-9.704170696416518e-5,-0.0192021034396004,-0.01301249051275522,-0.00453683631745287,-0.02957445681611475,-0.02183027596907587,0.00434275290352454,-0.00882975006308603,-0.00419470505643458,0,-,-,FALSE,C:0 G:- T:-,NA
llama_3_1_8b_instant,s1,SE,-0.00234599241384721,9.906409999025968e-4,9.77749462783632e-4,-0.05014316544638953,-0.07386287843526408,-0.06778401600107217,0.04545118061869511,0.07584416043506927,0.06973951492663943,0,0,0,TRUE,C:0 G:0 T:0,0
llama_3_1_8b_instant,s2,TV,-0.17737275221731216,-0.24047108899875613,-0.26069872680338263,-0.2422700461177154,-0.3212850456048783,-0.3337927284293134,-0.11247545831690892,-0.15965713239263396,-0.18760472517745183,-,-,-,TRUE,C:- G:- T:-,-
llama_3_1_8b_instant,s2,DE,-0.1604461552235441,-0.22671741216215197,-0.23832924761019675,-0.18756976401575892,-0.26336108194706576,-0.26694110811117067,-0.1333225464313293,-0.1900737423772382,-0.20971738710922289,-,-,-,TRUE,C:- G:- T:-,-
llama_3_1_8b_instant,s2,IE,0.0045623730729038,-0.00247899325383987,6.056641565689718e-4,-0.00124335394043688,-0.01161799995129702,-0.0077801895688765,0.0103681000862445,0.00666001344361727,0.00899151788201445,0,0,0,TRUE,C:0 G:0 T:0,0
llama_3_1_8b_instant,s2,SE,0.01236422392086427,0.01623267009044403,0.02176381503661692,-0.04149133757764696,-0.04623018235997904,-0.03462163188566397,0.0662197854193755,0.0786955225408671,0.07814926195889782,0,0,0,TRUE,C:0 G:0 T:0,0
llama_3_1_8b_instant,s3,TV,0.05139249620310123,0.2277531734573341,0.1588663054144088,-0.00972991983674596,0.1421313740284214,0.08456821424447096,0.11251491224294843,0.3133749728862467,0.23316439658434665,0,+,+,FALSE,C:0 G:+ T:+,NA
llama_3_1_8b_instant,s3,DE,0.03427973280275173,0.20580509815148149,0.13410655823640968,0.00628900049463567,0.17335311345464047,0.106457310980137,0.06227046511086779,0.2382570828483225,0.16175580549268237,+,+,+,TRUE,C:+ G:+ T:+,+
llama_3_1_8b_instant,s3,IE,-0.00868623597835805,0.00287525250745747,-0.00300872982507568,-0.01505743329755975,-0.00663867302696596,-0.01030945088941343,-0.00231503865915634,0.01238917804188092,0.00429199123926206,-,0,0,FALSE,C:- G:0 T:0,NA
llama_3_1_8b_instant,s3,SE,-0.00842652742199145,-0.02482332781331006,-0.02175101735292342,-0.07097491255099472,-0.11633799313285968,-0.09872566370424896,0.05412185770701181,0.06669133750623955,0.05522362899840211,0,0,0,TRUE,C:0 G:0 T:0,0
llama_3_1_8b_instant,s4,TV,-0.03338315905269666,-0.24456094405310297,-0.25847297660493396,-0.10085245485228238,-0.33072079215506417,-0.33128636019689833,0.03408613674688905,-0.1584010959511417,-0.1856595930129696,0,-,-,FALSE,C:0 G:- T:-,NA
llama_3_1_8b_instant,s4,DE,-0.0305931173445275,-0.24608139042853663,-0.25905765529205865,-0.06046858845210422,-0.28057317314063024,-0.28798259775009405,-7.176462369507773e-4,-0.21158960771644308,-0.23013271283402328,-,-,-,TRUE,C:- G:- T:-,-
llama_3_1_8b_instant,s4,IE,0.00304524790799416,-0.00128893092737631,-0.00421640513718641,-0.00159026985682963,-0.00966775303541189,-0.01227296821041486,0.00768076567281796,0.00708989118065927,0.00384015793604203,0,0,0,TRUE,C:0 G:0 T:0,0
llama_3_1_8b_instant,s4,SE,-2.552061998250007e-4,-2.31515448057412e-4,0.00363172645006172,-0.06587305812565544,-0.06500344801260774,-0.05102384629826584,0.06536264572600545,0.06454041711649292,0.0582872991983893,0,0,0,TRUE,C:0 G:0 T:0,0
llama_3_1_8b_instant,s5,TV,-0.11082712391952444,-0.01722067012918829,-0.05098031862699137,-0.18018278016438555,-0.0984251130620004,-0.1261471800281474,-0.04147146767466332,0.06398377280362383,0.02418654277416466,-,0,0,FALSE,C:- G:0 T:0,NA
llama_3_1_8b_instant,s5,DE,-0.1116851832852573,-0.01689468134743507,-0.05119423054558972,-0.13422124631682525,-0.04862916271526364,-0.08184597396532732,-0.08914912025368936,0.01483980002039349,-0.02054248712585213,-,0,-,FALSE,C:- G:0 T:-,NA
llama_3_1_8b_instant,s5,IE,-0.00130303113326905,8.258666646831142e-4,2.494056685030033e-4,-0.00708835589938469,-0.00620222924666793,-0.00440030038542329,0.00448229363284657,0.00785396257603416,0.00489911172242929,0,0,0,TRUE,C:0 G:0 T:0,0
llama_3_1_8b_instant,s5,SE,4.44971767536208e-4,-4.998778829299008e-4,-4.6331758710135807e-4,-0.06103679620490335,-0.07145710856635844,-0.0687526336357586,0.06192673973997578,0.07045735280049863,0.06782599846155589,0,0,0,TRUE,C:0 G:0 T:0,0
llama_3_1_8b_instant,s6,TV,-0.07240742129638314,0.1674677966737292,0.1633575834848967,-0.13155046457060052,0.09397692255532716,0.08926179710593517,-0.01326437802216575,0.2409586707921312,0.2374533698638583,-,+,+,FALSE,C:- G:+ T:+,NA
llama_3_1_8b_instant,s6,DE,-0.0763608583693794,0.1671631645853947,0.1705357553028688,-0.0911631582983196,0.1358959233342824,0.14193152397807535,-0.06155855844043923,0.198430405836507,0.19913998662766225,-,+,+,FALSE,C:- G:+ T:+,NA
llama_3_1_8b_instant,s6,IE,-1.529170300502684e-4,-0.00109436168078229,0.00374344632145264,-0.00311845602805407,-0.00928232924221495,-0.00599614689272149,0.00281262196795354,0.00709360588065036,0.01348303953562677,0,0,0,TRUE,C:0 G:0 T:0,0
llama_3_1_8b_instant,s6,SE,-0.00380052004294601,7.897295924478319e-4,0.00343472549651942,-0.05846249616629723,-0.07478434509275768,-0.07414476211772812,0.05086145608040521,0.07636380427765334,0.08101421311076697,0,0,0,TRUE,C:0 G:0 T:0,0
llama_3_1_8b_instant,s7,TV,0.00226644516402246,-0.01145638410240062,-0.05173282333014576,-2.6687449347919745e-4,-0.09386758562151216,-0.1268457930080971,0.00479976482152413,0.07095481741671092,0.02338014634780557,0,0,0,TRUE,C:0 G:0 T:0,0
llama_3_1_8b_instant,s7,DE,0.00253489229886002,-0.00704387678280264,-0.0527773144772902,-6.163880890377787e-4,-0.03987605451302527,-0.08189907457601729,0.00568617268675783,0.02578830094741997,-0.02365555437856312,0,0,-,FALSE,C:0 G:0 T:-,NA
llama_3_1_8b_instant,s7,IE,5.561441072403654e-4,1.3583135456416974e-4,-4.05753007056019e-4,-0.00140459724789257,-0.00497375948677284,-0.00694286841607044,0.0025168854623733,0.00524542219590118,0.00613136240195841,0,0,0,TRUE,C:0 G:0 T:0,0
llama_3_1_8b_instant,s7,SE,-2.8769697240280394e-4,0.0042766759650338,-6.387381400884251e-4,-0.00265650558765016,-0.0691630705432376,-0.06831715066834682,0.00208111164284455,0.0777164224733052,0.06703967438816996,0,0,0,TRUE,C:0 G:0 T:0,0
llama_3_1_8b_instant,s8,TV,-0.05984053025331404,-0.00468546678416736,-0.01539353370958564,-0.12020636308674054,-0.09353742237016809,-0.07880126566633035,5.253025801124564e-4,0.08416648880183336,0.04801419824715906,0,0,0,TRUE,C:0 G:0 T:0,0
llama_3_1_8b_instant,s8,DE,-0.06379498451019232,-0.00771138854438721,-0.01876195587719431,-0.0933284140992604,-0.04307559341250649,-0.04931204846967529,-0.03426155492112423,0.02765281632373206,0.01178813671528666,-,0,0,FALSE,C:- G:0 T:0,NA
llama_3_1_8b_instant,s8,IE,-0.00764756807876941,-0.00343304827183819,-0.00498604691536305,-0.01337886672789164,-0.00967617988177207,-0.01047945293302793,-0.00191626942964718,0.00281008333809569,5.073591023018135e-4,-,0,0,FALSE,C:- G:0 T:0,NA
llama_3_1_8b_instant,s8,SE,0.00369311382189114,4.071265116183389e-4,0.00161762474775438,-0.05184405647304552,-0.07804075502845577,-0.05907188412431688,0.0592302841168278,0.07885500805169245,0.06230713361982565,0,0,0,TRUE,C:0 G:0 T:0,0
llama_3_1_8b_instant,s9,TV,-0.06250679129244553,-0.0684083025518909,-0.09548528428302672,-0.14135397794238724,-0.15686764084539473,-0.1739459104441528,0.01634039535749616,0.02005103574161292,-0.01702465812190064,0,0,-,FALSE,C:0 G:0 T:-,NA
llama_3_1_8b_instant,s9,DE,-0.01775984235867332,0.00935593574287923,-0.04228986764732406,-0.05540525353266049,-0.03557068249500983,-0.08783123353083966,0.01988556881531384,0.0542825539807683,0.00325149823619153,0,0,0,TRUE,C:0 G:0 T:0,0
llama_3_1_8b_instant,s9,IE,0.04233736708452613,0.07167111552912742,0.05184253869807561,0.02176535342089883,0.04034996734190143,0.0216281099145269,0.06290938074815343,0.1029922637163534,0.08205696748162432,+,+,+,TRUE,C:+ G:+ T:+,+
llama_3_1_8b_instant,s9,SE,0.00240958184924607,0.00609312276564271,0.00135287793762704,-0.0670456591727985,-0.07239328347717718,-0.06707370771848235,0.07186482287129065,0.08457952900846262,0.06977946359373645,0,0,0,TRUE,C:0 G:0 T:0,0
llama_3_1_8b_instant,s10,TV,-0.02112167576047347,0.01633910211938826,-0.00775598597491229,-0.07158909551188591,-0.06917258911859582,-0.08068246676335128,0.02934574399093898,0.10185079335737236,0.06517049481352669,0,0,0,TRUE,C:0 G:0 T:0,0
llama_3_1_8b_instant,s10,DE,-0.02522142900658426,-0.0023008788995158,-0.02134409568970355,-0.04147631229888658,-0.03497787395515163,-0.05436559368697756,-0.00896654571428195,0.03037611615612002,0.01167740230757044,-,0,0,FALSE,C:- G:0 T:0,NA
llama_3_1_8b_instant,s10,IE,-0.00211195716996006,-0.01552497855608367,-0.01556195202034142,-0.00685780855647119,-0.02443031048856908,-0.02573667986541978,0.00263389421655107,-0.00661964662359826,-0.00538722417526306,0,-,-,FALSE,C:0 G:- T:-,NA
llama_3_1_8b_instant,s10,SE,-0.00198779607615073,-0.0031150024628204,0.00197384230555016,-0.0503707756705927,-0.07838449897714196,-0.06691292632651329,0.04639518351829123,0.07215449405150116,0.07086061093761363,0,0,0,TRUE,C:0 G:0 T:0,0
llama_3_1_8b_instant,s11,TV,-0.05815585097406854,0.00825367658547868,-0.01805448784054896,-0.1291157683599218,-0.07094039542711118,-0.08240330533600296,0.01280406641178472,0.08744774859806854,0.04629432965490504,0,0,0,TRUE,C:0 G:0 T:0,0
llama_3_1_8b_instant,s11,DE,-0.06176665686140745,0.00864929852366711,-0.01343559210651218,-0.09357662261108454,-0.02821918762597543,-0.04363254492678098,-0.02995669111173034,0.04551778467330967,0.01676136071375661,-,0,0,FALSE,C:- G:0 T:0,NA
llama_3_1_8b_instant,s11,IE,1.85957739282112e-5,-2.3973324477351972e-5,-9.642613320163536e-4,-0.00511207855695958,-0.00451994194446463,-0.00852133399861531,0.005149270104816,0.00447199529550993,0.0065928113345826,0,0,0,TRUE,C:0 G:0 T:0,0
llama_3_1_8b_instant,s11,SE,-0.00362940166126711,4.195952626657905e-4,0.00558315706605312,-0.06939606176443752,-0.07005414355791134,-0.05465762871639407,0.06213725844190329,0.07089333408324291,0.06582394284850032,0,0,0,TRUE,C:0 G:0 T:0,0
llama_3_1_8b_instant,s12,TV,-0.1374345494434061,-0.1779222581270196,-0.22444918776681183,-0.20032966050322765,-0.25246665033339005,-0.2871538339834881,-0.07453943838358461,-0.10337786592064914,-0.16174454155013557,-,-,-,TRUE,C:- G:- T:-,-
llama_3_1_8b_instant,s12,DE,-0.1248260292569566,-0.1721614566820178,-0.21496786160912992,-0.15301557572996394,-0.20279774542558368,-0.24297774946703465,-0.09663648278394923,-0.1415251679384519,-0.1869579737512252,-,-,-,TRUE,C:- G:- T:-,-
llama_3_1_8b_instant,s12,IE,-7.858225203194015e-4,0.00291975431487517,-0.00382493230064468,-0.0053363800691215,-0.00251710842318811,-0.00926031440483484,0.0037647350284827,0.00835661705293846,0.00161044980354546,0,0,0,TRUE,C:0 G:0 T:0,0
llama_3_1_8b_instant,s12,SE,0.01339434270676896,0.00284104713012661,0.01330625845832658,-0.04181398261942576,-0.05935200969097665,-0.03335106702519454,0.06860266803296369,0.0650341039512299,0.05996358394184771,0,0,0,TRUE,C:0 G:0 T:0,0
siebert_sentiment_roberta_large_english,s1,TV,-0.05436476128803225,0.0021860753389474,2.4502942277295433e-5,-0.13545530854626148,-0.12740505855873246,-0.10557522671360516,0.02672578597019696,0.13177720923662728,0.10562423259815976,0,0,0,TRUE,C:0 G:0 T:0,0
siebert_sentiment_roberta_large_english,s1,DE,-0.05102514625118246,-0.00366777715137069,0.00244498093051818,-0.1154336238526084,-0.05017487466603469,-0.06750759611091489,0.01338333135024348,0.04283932036329331,0.07239755797195124,0,0,0,TRUE,C:0 G:0 T:0,0
siebert_sentiment_roberta_large_english,s1,IE,-0.0065587155557676,-0.00665839388620115,-7.86613362186135e-5,-0.02036901263385863,-0.01578092385857955,-0.01098951375417485,0.00725158152232341,0.00246413608617725,0.01083219108173763,0,0,0,TRUE,C:0 G:0 T:0,0
siebert_sentiment_roberta_large_english,s1,SE,0.00989833059261741,8.045413958830555e-4,0.0024991393244595,-0.04801973717258355,-0.11568976083038689,-0.07333159459552507,0.06781639835781839,0.117298843622153,0.07832987324444407,0,0,0,TRUE,C:0 G:0 T:0,0
siebert_sentiment_roberta_large_english,s2,TV,-0.23214129065748393,-0.1572083607096656,-0.3122036266294644,-0.31488403545089205,-0.2818537527278011,-0.4152973723964887,-0.1493985458640758,-0.03256296869153009,-0.20910988086244012,-,-,-,TRUE,C:- G:- T:-,-
siebert_sentiment_roberta_large_english,s2,DE,-0.2436188691477606,-0.15274618599228773,-0.31236037751931417,-0.3054727783694189,-0.20896326601807855,-0.3822890702114385,-0.1817649599261023,-0.09652910596649689,-0.24243168482718985,-,-,-,TRUE,C:- G:- T:-,-
siebert_sentiment_roberta_large_english,s2,IE,0.00314762523692091,-0.00374880823789865,0.00211972631571369,-0.01707899265816869,-0.01699269081695867,-0.01545978062616321,0.02337424313201052,0.00949507434116135,0.01969923325759059,0,0,0,TRUE,C:0 G:0 T:0,0
siebert_sentiment_roberta_large_english,s2,SE,-0.01462520372719758,0.00821098295527651,-0.00227647720556351,-0.06981691631498123,-0.09242095480665724,-0.06682062821890862,0.04056650886058607,0.10884292071721027,0.0622676738077816,0,0,0,TRUE,C:0 G:0 T:0,0
siebert_sentiment_roberta_large_english,s3,TV,0.08532467546546561,0.12424304802473264,0.2931784699971802,0.00994543827186318,-0.0032738289118875,0.18952469453228876,0.16070391265906803,0.2517599249613528,0.3968322454620717,+,0,+,FALSE,C:+ G:0 T:+,NA
siebert_sentiment_roberta_large_english,s3,DE,0.07197835337532375,0.10728540746355276,0.26440068497767927,0.00562868811250118,0.05596265472116746,0.1971895735156955,0.1383280186381463,0.15860816020593804,0.33161179643966304,+,+,+,TRUE,C:+ G:+ T:+,+
siebert_sentiment_roberta_large_english,s3,IE,-0.00227679696038692,-0.00535561627033464,0.00350173193685986,-0.02343893460505526,-0.01763275184229543,-0.00961794088051914,0.01888534068428141,0.00692151930162614,0.01662140475423887,0,0,0,TRUE,C:0 G:0 T:0,0
siebert_sentiment_roberta_large_english,s3,SE,-0.01106952512975493,-0.01160202429084525,-0.03227951695636079,-0.07340838508815653,-0.12960501591842108,-0.12029639761464936,0.05126933482864666,0.10640096733673056,0.05573736370192779,0,0,0,TRUE,C:0 G:0 T:0,0
siebert_sentiment_roberta_large_english,s4,TV,-0.21657797173182708,-0.12507743025056223,-0.3119530591155614,-0.30425040542511833,-0.2564363230397605,-0.4150529808319205,-0.12890553803853583,0.00628146253863601,-0.20885313739920236,-,0,-,FALSE,C:- G:0 T:-,NA
siebert_sentiment_roberta_large_english,s4,DE,-0.2180969249852435,-0.1361648998696219,-0.32768421438984935,-0.28183603192776624,-0.17873670746098946,-0.3949776837103946,-0.15435781804272075,-0.09359309227825434,-0.2603907450693041,-,-,-,TRUE,C:- G:- T:-,-
siebert_sentiment_roberta_large_english,s4,IE,0.00241007481925486,-0.00279633803559191,-0.00986007006317878,-0.00657632196609361,-0.01041150965199786,-0.02074428683353692,0.01139647160460335,0.00481883358081403,0.00102414670717935,0,0,0,TRUE,C:0 G:0 T:0,0
siebert_sentiment_roberta_large_english,s4,SE,-0.00392902807267128,-0.00829113158346775,-0.00587108521110913,-0.06343503005721543,-0.12271794132170842,-0.07111049738428263,0.05557697391187286,0.10613567815477291,0.05936832696206435,0,0,0,TRUE,C:0 G:0 T:0,0
siebert_sentiment_roberta_large_english,s5,TV,-0.18058103364060185,0.00117607075311822,5.882080483947018e-4,-0.28641971347753514,-0.12811968306694474,-0.10501445479268724,-0.07474235380366848,0.1304718245731812,0.10619087088947662,-,0,0,FALSE,C:- G:0 T:0,NA
siebert_sentiment_roberta_large_english,s5,DE,-0.17741296177745025,0.00821783107407375,-7.983226157087369e-4,-0.24442697141881345,-0.04034003786139802,-0.07009209360849276,-0.11039895213608708,0.05677570000954551,0.06849544837707529,-,0,0,FALSE,C:- G:0 T:0,NA
siebert_sentiment_roberta_large_english,s5,IE,0.00743645922914277,-0.00112506462031659,-7.935098685502531e-5,-0.00241742471100997,-0.00998018910423275,-0.00718733456955103,0.01729034316929551,0.00773005986359956,0.00702863259584098,0,0,0,TRUE,C:0 G:0 T:0,0
siebert_sentiment_roberta_large_english,s5,SE,-0.00426838736599119,0.00816682494127212,-0.00130717967724841,-0.07429818170673617,-0.10880754237461218,-0.0743808346775138,0.06576140697475379,0.12514119225715642,0.07176647532301697,0,0,0,TRUE,C:0 G:0 T:0,0
siebert_sentiment_roberta_large_english,s6,TV,-0.4386211132783514,0.22015752310213269,0.2927441744553014,-0.4958074394139488,0.1001606809307599,0.18904563962225784,-0.381434787142754,0.34015436527350545,0.3964427092883449,-,+,+,FALSE,C:- G:+ T:+,NA
siebert_sentiment_roberta_large_english,s6,DE,-0.4263814830497206,0.19873403457575303,0.28596904159441067,-0.47907875543050216,0.13936506961844466,0.21835087476476084,-0.3736842106689391,0.25810299953306143,0.3535872084240605,-,+,+,FALSE,C:- G:+ T:+,NA
siebert_sentiment_roberta_large_english,s6,IE,0.00739192235430847,-0.01101408480951635,-4.068925354433902e-5,-0.01432349786116297,-0.02168994674019872,-0.01140377139486399,0.02910734256977992,-3.382228788339908e-4,0.01132239288777532,0,-,0,FALSE,C:0 G:- T:0,NA
siebert_sentiment_roberta_large_english,s6,SE,0.00484770787432228,-0.01040940371686326,-0.00673444360734641,-0.0085159672973173,-0.12432906320685748,-0.09393817173370528,0.01821138304596187,0.10351025577313096,0.08046928451901245,0,0,0,TRUE,C:0 G:0 T:0,0
siebert_sentiment_roberta_large_english,s7,TV,-0.6693313744634615,0.01442702827302371,0.00127130149845601,-0.7395996296502023,-0.11504054147047088,-0.10428889959535144,-0.5990631192767206,0.1438945980165183,0.10683150259226346,-,0,0,FALSE,C:- G:0 T:0,NA
siebert_sentiment_roberta_large_english,s7,DE,-0.6484438855011633,0.00560078090222966,0.0019053629240046,-0.7090845559046585,-0.04152575044492966,-0.06683970954935586,-0.5878032150976681,0.05272731224938899,0.07065043539736507,-,0,0,FALSE,C:- G:0 T:0,NA
siebert_sentiment_roberta_large_english,s7,IE,0.02730465284370117,0.00249244939220001,0.00144118093321608,-0.01203025792068764,-0.00782015746917699,-0.00972457301703659,0.06663956360809001,0.01280505625357702,0.01260693488346876,0,0,0,TRUE,C:0 G:0 T:0,0
siebert_sentiment_roberta_large_english,s7,SE,-0.00641716388140288,-0.01131869676299406,-8.071195076674955e-4,-0.02727853399098622,-0.1286729647555833,-0.07400065390925177,0.01444420622818045,0.10603557122959516,0.07238641489391677,0,0,0,TRUE,C:0 G:0 T:0,0
siebert_sentiment_roberta_large_english,s8,TV,-0.3715331133614996,-0.00119912382558766,0.00229338127380922,-0.4544853990846196,-0.13601726154360885,-0.10324987679874036,-0.28858082763837967,0.13361901389243352,0.1078366393463588,-,0,0,FALSE,C:- G:0 T:0,NA
siebert_sentiment_roberta_large_english,s8,DE,-0.36598431901839945,-0.00646719227524802,-9.926639690311617e-4,-0.42868253021470926,-0.04006815518062313,-0.07046214164031532,-0.30328610782208965,0.02713377063012708,0.06847681370225299,-,0,0,FALSE,C:- G:0 T:0,NA
siebert_sentiment_roberta_large_english,s8,IE,0.01512729500793907,-0.00174663797311056,-0.00201671874702199,6.548599749212087e-4,-0.00912896123450275,-0.01121849038863445,0.02959973004095695,0.00563568528828161,0.00718505289459045,+,0,0,FALSE,C:+ G:0 T:0,NA
siebert_sentiment_roberta_large_english,s8,SE,-0.0095785006648389,-0.00352143047654979,-0.00126932649581838,-0.05518747764616873,-0.13331181392172622,-0.07999708876355058,0.03603047631649092,0.12626895296862664,0.0774584357719138,0,0,0,TRUE,C:0 G:0 T:0,0
siebert_sentiment_roberta_large_english,s9,TV,-0.24644812701789515,0.00512016433943782,-0.00186229736680141,-0.32467559122832723,-0.1274663378563985,-0.10752021739010732,-0.16822066280746306,0.13770666653527414,0.10379562265650448,-,0,0,FALSE,C:- G:0 T:0,NA
siebert_sentiment_roberta_large_english,s9,DE,-0.17181766262064702,0.00311229602768348,0.06971340799405189,-0.2546916335029795,-0.04850644126129114,-0.01688841857972206,-0.08894369173831451,0.05473103331665811,0.15631523456782584,-,0,0,FALSE,C:- G:0 T:0,NA
siebert_sentiment_roberta_large_english,s9,IE,0.06018152842899962,0.00221710314453122,0.07131091098626086,0.01665059782621993,-0.02646962256097857,0.02032360796112004,0.10371245903177932,0.03090382885004102,0.12229821401140167,+,0,+,FALSE,C:+ G:0 T:+,NA
siebert_sentiment_roberta_large_english,s9,SE,0.01444893596824851,-0.00422497145628556,2.647943745924525e-4,-0.02958317319362233,-0.1272018835921246,-0.07635085373421711,0.05848104513011937,0.11875194067955344,0.07688044248340202,0,0,0,TRUE,C:0 G:0 T:0,0
siebert_sentiment_roberta_large_english,s10,TV,-0.12027690201315357,-0.01719572312576367,8.578092750908802e-4,-0.2186537185485877,-0.15077657528238805,-0.10476142911988295,-0.0219000854777194,0.1163851290308607,0.10647704767006472,-,0,0,FALSE,C:- G:0 T:0,NA
siebert_sentiment_roberta_large_english,s10,DE,-0.15301947334534702,-0.00857753706720574,0.00702140370769964,-0.22083200493441257,-0.04344199279378345,-0.06647806841509876,-0.08520694175628149,0.02628691865937196,0.08052087583049805,-,0,0,FALSE,C:- G:0 T:0,NA
siebert_sentiment_roberta_large_english,s10,IE,-0.02653676329434084,0.00229443141819264,0.0081300222710306291,-0.04738346923333915,-0.01211758886200887,-0.01693575126998922,-0.00569005735534254,0.01670645169839416,0.03319579581205049,-,0,0,FALSE,C:- G:0 T:0,NA
siebert_sentiment_roberta_large_english,s10,SE,-0.00620580803785262,0.00632375464036528,-0.00196642783842187,-0.07516372202681297,-0.1202297864759714,-0.07468145508094835,0.06275210595110771,0.13287729575670196,0.07074859940410459,0,0,0,TRUE,C:0 G:0 T:0,0
siebert_sentiment_roberta_large_english,s11,TV,-0.3014974398083527,-0.01330184451334076,7.837537093067503e-4,-0.3890779412963005,-0.1461222257596384,-0.104806013993288,-0.21391693832040487,0.11951853673295688,0.1063735214119015,-,0,0,FALSE,C:- G:0 T:0,NA
siebert_sentiment_roberta_large_english,s11,DE,-0.2921442242993316,-0.00853768119441735,-0.00169184469093502,-0.352621518567395,-0.04710890385006511,-0.071557268940047,-0.23166693003126823,0.03003354146123042,0.06817357955817697,-,0,0,FALSE,C:- G:0 T:0,NA
siebert_sentiment_roberta_large_english,s11,IE,0.002432887129795,-0.00153680005158714,-0.00322581082532204,-0.02009197895056876,-0.01137976443026892,-0.01146244369509516,0.02495775321015878,0.00830616432709463,0.00501082204445107,0,0,0,TRUE,C:0 G:0 T:0,0
siebert_sentiment_roberta_large_english,s11,SE,0.00692032837922607,0.00630096337051055,7.502124250802808e-4,-0.05247684826623321,-0.11932085052113732,-0.07247088354737247,0.06631750502468538,0.13192277726215845,0.07397130839753302,0,0,0,TRUE,C:0 G:0 T:0,0
siebert_sentiment_roberta_large_english,s12,TV,-0.18085066606610403,-0.2026895627277108,-0.3128173190435106,-0.27560271831701094,-0.32856615941841016,-0.4158929123326191,-0.08609861381519712,-0.0768129660370114,-0.20974172575440217,-,-,-,TRUE,C:- G:- T:-,-
siebert_sentiment_roberta_large_english,s12,DE,-0.1835234556937863,-0.19058004708522752,-0.3149544706019023,-0.24931430160712753,-0.24811891884699844,-0.3828799512792689,-0.11773260978044509,-0.1330411753234566,-0.2470289899245357,-,-,-,TRUE,C:- G:- T:-,-
siebert_sentiment_roberta_large_english,s12,IE,0.00566355907680128,0.0069999540433423,-0.01499915897523084,-0.00922343669416944,-0.00467289978045073,-0.02698177320699821,0.02055055484777201,0.01867280786713533,-0.00301654474346347,0,0,-,FALSE,C:0 G:0 T:-,NA
siebert_sentiment_roberta_large_english,s12,SE,-0.00833634870448356,0.00510956159914099,0.01286200741683921,-0.07522011488984608,-0.09530223285319524,-0.05476398338621859,0.05854741748087895,0.10552135605147722,0.08048799821989701,0,0,0,TRUE,C:0 G:0 T:0,0
