component,value,sd,ci_lo,ci_hi,verdict,generator,model,scenario,model_short
TV,0.0076437977737360335,0.04100926003873194,-0.07273435190217857,0.08802194744965063,0,CHATGPT4,gpt_3_5_turbo,s1,gpt35
DE,0.0025369669285520147,0.017256321151632458,-0.031285422528647605,0.036359356385751634,0,CHATGPT4,gpt_3_5_turbo,s1,gpt35
IE,-0.007754474581889472,0.005220320167852263,-0.01798630211087991,0.002477352947100963,0,CHATGPT4,gpt_3_5_turbo,s1,gpt35
SE,0.0026476437367054556,0.03613753577934119,-0.06818192639080327,0.07347721386421417,0,CHATGPT4,gpt_3_5_turbo,s1,gpt35
TV,0.1449665918707927,0.041298269921613395,0.06402198282443045,0.22591120091715494,+,CHATGPT4,gpt_3_5_turbo,s2,gpt35
DE,0.1349686912935383,0.014857174655742414,0.10584862896828318,0.16408875361879344,+,CHATGPT4,gpt_3_5_turbo,s2,gpt35
IE,-4.3740431449789264e-4,0.00535095640137573,-0.010925278861194323,0.010050470232198539,0,CHATGPT4,gpt_3_5_turbo,s2,gpt35
SE,-0.009560496262756481,0.04024186954920686,-0.08843456057920193,0.06931356805368896,0,CHATGPT4,gpt_3_5_turbo,s2,gpt35
TV,0.13402753904907147,0.04010743972664864,0.055416957184840146,0.2126381209133028,+,CHATGPT4,gpt_3_5_turbo,s3,gpt35
DE,0.12235274007922878,0.01402084192772734,0.09487188990088319,0.14983359025757437,+,CHATGPT4,gpt_3_5_turbo,s3,gpt35
IE,0.009565734758220751,0.006402792356391421,-0.002983738260306434,0.022115207776747935,0,CHATGPT4,gpt_3_5_turbo,s3,gpt35
SE,-0.021240533728063442,0.03996041360007441,-0.09956294438420929,0.0570818769280824,0,CHATGPT4,gpt_3_5_turbo,s3,gpt35
TV,0.03742957372169661,0.03450669567870323,-0.030203549808561714,0.10506269725195494,0,CHATGPT4,gpt_3_5_turbo,s4,gpt35
DE,0.03991137233460677,0.014987348969007911,0.010536168355351268,0.06928657631386229,+,CHATGPT4,gpt_3_5_turbo,s4,gpt35
IE,0.005804039426622969,0.006128941849501804,-0.006208686598400566,0.017816765451646503,0,CHATGPT4,gpt_3_5_turbo,s4,gpt35
SE,-0.0033222408137128113,0.034439443139106955,-0.07082354936636244,0.06417906773893682,0,CHATGPT4,gpt_3_5_turbo,s4,gpt35
TV,-0.026725425847788798,0.03815178835634951,-0.10150293102623384,0.04805207933065625,0,CHATGPT4,gpt_3_5_turbo,s5,gpt35
DE,-0.025846723348516253,0.015721746904554235,-0.05666134728144255,0.004967900584410049,0,CHATGPT4,gpt_3_5_turbo,s5,gpt35
IE,-0.003232501052946888,0.005161984941950822,-0.013349991539170498,0.006884989433276722,0,CHATGPT4,gpt_3_5_turbo,s5,gpt35
SE,0.00411120355221943,0.034950158096720314,-0.06439110631735238,0.07261351342179125,0,CHATGPT4,gpt_3_5_turbo,s5,gpt35
TV,-0.2307376152523831,0.03861153043589198,-0.3064162149067314,-0.1550590155980348,-,CHATGPT4,gpt_3_5_turbo,s6,gpt35
DE,-0.22935436072144955,0.016587429444846678,-0.26186572243334905,-0.19684299900955005,-,CHATGPT4,gpt_3_5_turbo,s6,gpt35
IE,-0.0068980906169486406,0.006511211314208124,-0.019660064792796562,0.005863883558899283,0,CHATGPT4,gpt_3_5_turbo,s6,gpt35
SE,0.008281345147882166,0.028981492602885423,-0.048522380353773265,0.0650850706495376,0,CHATGPT4,gpt_3_5_turbo,s6,gpt35
TV,-0.018589803686273096,0.04192897253892176,-0.10077058986255975,0.06359098249001356,0,CHATGPT4,gpt_3_5_turbo,s7,gpt35
DE,-0.028184783914284674,0.013670055308686414,-0.05497809231931004,-0.0013914755092593045,-,CHATGPT4,gpt_3_5_turbo,s7,gpt35
IE,-0.00970592760296296,0.00554542750216621,-0.020574965507208734,0.0011631103012828114,0,CHATGPT4,gpt_3_5_turbo,s7,gpt35
SE,1.1094737495138352e-4,0.037125089228868244,-0.07265422751363036,0.07287612226353314,0,CHATGPT4,gpt_3_5_turbo,s7,gpt35
TV,0.08790523690773061,0.042126702367648025,0.005336900267140482,0.17047357354832074,+,CHATGPT4,gpt_3_5_turbo,s8,gpt35
DE,-0.001564971250312714,0.013966476642253789,-0.02893926546913014,0.025809322968504713,0,CHATGPT4,gpt_3_5_turbo,s8,gpt35
IE,-0.09209822464087629,0.00775116465779724,-0.10729050737015888,-0.0769059419115937,-,CHATGPT4,gpt_3_5_turbo,s8,gpt35
SE,0.002628016482832958,0.03939273280762154,-0.07458173982010527,0.07983777278577117,0,CHATGPT4,gpt_3_5_turbo,s8,gpt35
TV,-0.036647729048306606,0.04349114007750412,-0.12189036360021469,0.04859490550360147,0,CHATGPT4,gpt_3_5_turbo,s9,gpt35
DE,-0.0367017332180518,0.012192747441226568,-0.060599518202855876,-0.012803948233247726,-,CHATGPT4,gpt_3_5_turbo,s9,gpt35
IE,-0.002602394352747067,0.008780887324345411,-0.019812933508464074,0.014608144802969939,0,CHATGPT4,gpt_3_5_turbo,s9,gpt35
SE,0.0025483901830018747,0.037513982293849085,-0.07097901511294233,0.07607579547894608,0,CHATGPT4,gpt_3_5_turbo,s9,gpt35
TV,0.0076437977737360335,0.04100926003873194,-0.07273435190217857,0.08802194744965063,0,CHATGPT4,gpt_3_5_turbo,s10,gpt35
DE,0.00345364384717133,0.01678481383054798,-0.029444591260702712,0.03635187895504537,0,CHATGPT4,gpt_3_5_turbo,s10,gpt35
IE,-0.0040009432709288235,0.004327940282586015,-0.012483706224797414,0.004481819682939766,0,CHATGPT4,gpt_3_5_turbo,s10,gpt35
SE,-1.8921065563587321e-4,0.03603475881097678,-0.07081733792515035,0.0704389166138786,0,CHATGPT4,gpt_3_5_turbo,s10,gpt35
TV,0.06627541422133883,0.0410985179280199,-0.014277680917580166,0.14682850936025782,0,CHATGPT4,gpt_3_5_turbo,s11,gpt35
DE,0.010380695496302977,0.00986200321916308,-0.008948830813256658,0.02971022180586261,0,CHATGPT4,gpt_3_5_turbo,s11,gpt35
IE,-0.05539828305472397,0.0060520949393274145,-0.0672603891358057,-0.04353617697364223,-,CHATGPT4,gpt_3_5_turbo,s11,gpt35
SE,-4.964356703118823e-4,0.03940250801690464,-0.07772535138344497,0.07673248004282121,0,CHATGPT4,gpt_3_5_turbo,s11,gpt35
TV,-0.0036222101388134224,0.04139956850571071,-0.0847653644100064,0.07752094413237956,0,CHATGPT4,gpt_3_5_turbo,s12,gpt35
DE,-0.011044959828178255,0.01250389741134567,-0.03555259875441577,0.013462679098059257,0,CHATGPT4,gpt_3_5_turbo,s12,gpt35
IE,-0.006775501225472344,0.00556054992205841,-0.01767417907270683,0.004123176621762141,0,CHATGPT4,gpt_3_5_turbo,s12,gpt35
SE,-6.47248463892487e-4,0.03661977595163232,-0.07242200932909183,0.07112751240130687,0,CHATGPT4,gpt_3_5_turbo,s12,gpt35
TV,-0.05931537072106706,0.04080251283782034,-0.1392882958831949,0.020657554441060808,0,CHATGPT4,gpt_3_5_turbo,s13,gpt35
DE,-0.03516157834984709,0.012611521614974497,-0.0598801607151971,-0.010442995984497074,-,CHATGPT4,gpt_3_5_turbo,s13,gpt35
IE,0.025460539312584497,0.0073651715229655305,0.011024803127572059,0.03989627549759694,+,CHATGPT4,gpt_3_5_turbo,s13,gpt35
SE,-0.0013067469413645266,0.035787623057948366,-0.07145048813494333,0.06883699425221428,0,CHATGPT4,gpt_3_5_turbo,s13,gpt35
TV,0.22876005525310794,0.042764649155538834,0.14494134290825184,0.31257876759796405,+,CHATGPT4,gpt_3_5_turbo,s14,gpt35
DE,0.17807622220524436,0.013676588305979601,0.15127010912552433,0.20488233528496438,+,CHATGPT4,gpt_3_5_turbo,s14,gpt35
IE,-0.026676899705169448,0.006167648136889958,-0.03876549005347377,-0.01458830935686513,-,CHATGPT4,gpt_3_5_turbo,s14,gpt35
SE,-0.024006933342694138,0.04641843763868485,-0.11498707111451645,0.06697320442912816,0,CHATGPT4,gpt_3_5_turbo,s14,gpt35
TV,-0.02568933868336681,0.03081549010247799,-0.08608769928422366,0.03470902191749005,0,CHATGPT4,llama_3_1_8b_instant,s1,llama8b
DE,-0.04452752907100341,0.01253247974078974,-0.0690911893629513,-0.019963868779055517,-,CHATGPT4,llama_3_1_8b_instant,s1,llama8b
IE,-0.015603524770868828,0.006918307383052283,-0.029163407241651302,-0.0020436423000863534,-,CHATGPT4,llama_3_1_8b_instant,s1,llama8b
SE,-0.003234665616767772,0.028264092579041635,-0.058632287071689375,0.05216295583815383,0,CHATGPT4,llama_3_1_8b_instant,s1,llama8b
TV,0.01719061759723981,0.02753520097613162,-0.03677837631597816,0.07115961151045778,0,CHATGPT4,llama_3_1_8b_instant,s2,llama8b
DE,0.016263192214374514,0.013230151519513459,-0.009667904763871867,0.042194289192620894,0,CHATGPT4,llama_3_1_8b_instant,s2,llama8b
IE,0.008431584937421773,0.007407063485417042,-0.006086259493995629,0.022949429368839175,0,CHATGPT4,llama_3_1_8b_instant,s2,llama8b
SE,-0.00935901032028707,0.02599125114939891,-0.06030186257310893,0.041583841932534796,0,CHATGPT4,llama_3_1_8b_instant,s2,llama8b
TV,0.06575445556312538,0.03031237554045948,0.006342199503824808,0.12516671162242596,+,CHATGPT4,llama_3_1_8b_instant,s3,llama8b
DE,0.05187446802217715,0.014636882367895213,0.023186178581102532,0.08056275746325177,+,CHATGPT4,llama_3_1_8b_instant,s3,llama8b
IE,-0.002634259287162592,0.006462817435053214,-0.015301381459866892,0.010032862885541708,0,CHATGPT4,llama_3_1_8b_instant,s3,llama8b
SE,-0.011245728253785649,0.030480245647228735,-0.07098700972235397,0.048495553214782675,0,CHATGPT4,llama_3_1_8b_instant,s3,llama8b
TV,0.058074695314502954,0.02543407077711343,0.008223916591360632,0.10792547403764527,+,CHATGPT4,llama_3_1_8b_instant,s4,llama8b
DE,0.05588317617045979,0.010440625439376771,0.03541955030928132,0.07634680203163827,+,CHATGPT4,llama_3_1_8b_instant,s4,llama8b
IE,-0.005870578831223219,0.007236334850933875,-0.020053795139053615,0.008312637476607175,0,CHATGPT4,llama_3_1_8b_instant,s4,llama8b
SE,0.0036790596871800587,0.02723762930381289,-0.0497066937482932,0.057064813122653324,0,CHATGPT4,llama_3_1_8b_instant,s4,llama8b
TV,-0.029009410845444703,0.031227581124150257,-0.0902154698487792,0.03219664815788979,0,CHATGPT4,llama_3_1_8b_instant,s5,llama8b
DE,-0.02240727119022429,0.013330347948002136,-0.04853475316830848,0.003720210787859897,0,CHATGPT4,llama_3_1_8b_instant,s5,llama8b
IE,0.002831983648878291,0.004466804253774425,-0.00592295268851958,0.011586919986276163,0,CHATGPT4,llama_3_1_8b_instant,s5,llama8b
SE,0.0037701560063421223,0.029393200379871406,-0.05384051673820583,0.06138082875089008,0,CHATGPT4,llama_3_1_8b_instant,s5,llama8b
TV,-0.27643307079231116,0.03499707011875749,-0.34502732822507587,-0.2078388133595465,-,CHATGPT4,llama_3_1_8b_instant,s6,llama8b
DE,-0.2715154171200957,0.015832892461322464,-0.3025478863442877,-0.24048294789590366,-,CHATGPT4,llama_3_1_8b_instant,s6,llama8b
IE,-0.0036186066280158593,0.005111369748515454,-0.01363689133510615,0.00639967807907443,0,CHATGPT4,llama_3_1_8b_instant,s6,llama8b
SE,0.008536260300231338,0.025154695042925262,-0.040766941983902176,0.05783946258436485,0,CHATGPT4,llama_3_1_8b_instant,s6,llama8b
TV,-0.04942744267151673,0.03216882832410512,-0.11247834618676276,0.013623460843729299,0,CHATGPT4,llama_3_1_8b_instant,s7,llama8b
DE,-0.04640629595168219,0.014451536439127553,-0.0747313073723722,-0.018081284530992187,-,CHATGPT4,llama_3_1_8b_instant,s7,llama8b
IE,0.005195840828171268,0.005661847353363408,-0.005901379984421012,0.016293061640763547,0,CHATGPT4,llama_3_1_8b_instant,s7,llama8b
SE,-0.002174694108336717,0.03071818063248247,-0.06238232814800236,0.05803293993132892,0,CHATGPT4,llama_3_1_8b_instant,s7,llama8b
TV,0.062213415708848134,0.03333988729930755,-0.003132763397794662,0.12755959481549092,0,CHATGPT4,llama_3_1_8b_instant,s8,llama8b
DE,-0.012337148472829906,0.010174853815770985,-0.03227986195174104,0.007605565006081224,0,CHATGPT4,llama_3_1_8b_instant,s8,llama8b
IE,-0.07966897809321319,0.008627427932493015,-0.0965787368408995,-0.06275921934552688,-,CHATGPT4,llama_3_1_8b_instant,s8,llama8b
SE,0.005118413911535146,0.03361576563239372,-0.060768486727956546,0.07100531455102684,0,CHATGPT4,llama_3_1_8b_instant,s8,llama8b
TV,-0.09397188107425676,0.04040610645837322,-0.17316784973266827,-0.01477591241584525,-,CHATGPT4,llama_3_1_8b_instant,s9,llama8b
DE,-0.028269156703593517,0.010200627493026597,-0.04826238658992565,-0.008275926817261386,-,CHATGPT4,llama_3_1_8b_instant,s9,llama8b
IE,0.060242464667275245,0.007869720346048653,0.04481781278901988,0.0756671165455306,+,CHATGPT4,llama_3_1_8b_instant,s9,llama8b
SE,0.005460259703387998,0.03491668653539923,-0.0629764459059945,0.07389696531277049,0,CHATGPT4,llama_3_1_8b_instant,s9,llama8b
TV,-0.02568933868336681,0.03081549010247799,-0.08608769928422366,0.03470902191749005,0,CHATGPT4,llama_3_1_8b_instant,s10,llama8b
DE,-0.04590055367671282,0.012783211303316604,-0.07095564783121336,-0.020845459522212277,-,CHATGPT4,llama_3_1_8b_instant,s10,llama8b
IE,-0.02182725506712705,0.007118355534299065,-0.03577923191435322,-0.007875278219900883,-,CHATGPT4,llama_3_1_8b_instant,s10,llama8b
SE,0.0016160400737810416,0.02928109710116791,-0.05577491024450806,0.05900699039207014,0,CHATGPT4,llama_3_1_8b_instant,s10,llama8b
TV,-0.03458734742092142,0.028660951869194335,-0.09076281308454232,0.021588118242699475,0,CHATGPT4,llama_3_1_8b_instant,s11,llama8b
DE,-0.03458951174367663,0.009504668722151374,-0.053218662439093324,-0.015960361048259937,-,CHATGPT4,llama_3_1_8b_instant,s11,llama8b
IE,-0.0038384798313229863,0.006290340953444073,-0.01616754810007337,0.008490588437427397,0,CHATGPT4,llama_3_1_8b_instant,s11,llama8b
SE,0.0038363155085677746,0.026404810570893864,-0.047917113210384193,0.05558974422751975,0,CHATGPT4,llama_3_1_8b_instant,s11,llama8b
TV,-0.036597032481453046,0.03574437051494239,-0.10665599869074013,0.03346193372783404,0,CHATGPT4,llama_3_1_8b_instant,s12,llama8b
DE,-0.022259418942180864,0.014769808186584936,-0.05120824298788734,0.006689405103525611,0,CHATGPT4,llama_3_1_8b_instant,s12,llama8b
IE,0.013833412732706806,0.005934771980392487,0.0022012596511375316,0.02546556581427608,+,CHATGPT4,llama_3_1_8b_instant,s12,llama8b
SE,5.04200806565379e-4,0.033691456815861005,-0.06553105455252219,0.06653945616565295,0,CHATGPT4,llama_3_1_8b_instant,s12,llama8b
TV,-0.12029015806348795,0.028118669992893176,-0.17540275124955856,-0.06517756487741733,-,CHATGPT4,llama_3_1_8b_instant,s13,llama8b
DE,-0.022357004576389065,0.00885901406762894,-0.03972067214894179,-0.0049933370038363414,-,CHATGPT4,llama_3_1_8b_instant,s13,llama8b
IE,0.09966237899963132,0.008028167888276325,0.08392716993860971,0.11539758806065292,+,CHATGPT4,llama_3_1_8b_instant,s13,llama8b
SE,-0.001729225512532438,0.023361865009719,-0.047518480931581675,0.04406002990651679,0,CHATGPT4,llama_3_1_8b_instant,s13,llama8b
TV,0.25397600677538107,0.039883143122651524,0.17580504625498408,0.3321469672957781,+,CHATGPT4,llama_3_1_8b_instant,s14,llama8b
DE,0.20173644284938577,0.01381648644500788,0.17465612941717032,0.22881675628160122,+,CHATGPT4,llama_3_1_8b_instant,s14,llama8b
IE,-0.04091360637887582,0.007393012694473699,-0.055403911260044264,-0.026423301497707368,-,CHATGPT4,llama_3_1_8b_instant,s14,llama8b
SE,-0.011325957547119465,0.044527195894600274,-0.098599261500536,0.07594734640629708,0,CHATGPT4,llama_3_1_8b_instant,s14,llama8b
TV,-0.016483090716100313,0.032523007263050026,-0.08022818495167836,0.047262003519477735,0,CHATGPT4,siebert_sentiment_roberta_large_english,s1,siebert
DE,1.2677690956781532e-4,0.015725456794477594,-0.030695118407608267,0.030948672226743898,0,CHATGPT4,siebert_sentiment_roberta_large_english,s1,siebert
IE,0.023937219691648984,0.023430750484300315,-0.021987051257579632,0.0698614906408776,0,CHATGPT4,siebert_sentiment_roberta_large_english,s1,siebert
SE,-0.007327352065980853,0.02068546287434017,-0.04787085929968759,0.03321615516772588,0,CHATGPT4,siebert_sentiment_roberta_large_english,s1,siebert
TV,-0.01134784489985182,0.03298215020489761,-0.07599285930145114,0.05329716950174749,0,CHATGPT4,siebert_sentiment_roberta_large_english,s2,siebert
DE,0.027012161187758687,0.017650421332155976,-0.007582664623267028,0.061606986998784405,0,CHATGPT4,siebert_sentiment_roberta_large_english,s2,siebert
IE,0.04392381719586712,0.023688655798311222,-0.0025059481688228732,0.09035358256055712,0,CHATGPT4,siebert_sentiment_roberta_large_english,s2,siebert
SE,-0.005563811108256609,0.020490729191602667,-0.045725640323797834,0.03459801810728462,0,CHATGPT4,siebert_sentiment_roberta_large_english,s2,siebert
TV,-0.007212081609752735,0.033193594169240705,-0.07227152618146451,0.057847362961959047,0,CHATGPT4,siebert_sentiment_roberta_large_english,s3,siebert
DE,0.021451066509154577,0.017571499411848445,-0.012989072338068376,0.05589120535637753,0,CHATGPT4,siebert_sentiment_roberta_large_english,s3,siebert
IE,0.03582769082452196,0.024710945775059136,-0.012605762894593947,0.08426114454363787,0,CHATGPT4,siebert_sentiment_roberta_large_english,s3,siebert
SE,-0.007164542705614649,0.02082034643302447,-0.04797242171434261,0.033643336303113315,0,CHATGPT4,siebert_sentiment_roberta_large_english,s3,siebert
TV,-0.08061728215427713,0.04382441571293685,-0.16651313695163333,0.005278572643079085,0,CHATGPT4,siebert_sentiment_roberta_large_english,s4,siebert
DE,-0.09198754010745064,0.032442981893143735,-0.15557578461801236,-0.028399295596888918,-,CHATGPT4,siebert_sentiment_roberta_large_english,s4,siebert
IE,-0.019851095483778697,0.01608668438672183,-0.05138099688175348,0.011678805914196087,0,CHATGPT4,siebert_sentiment_roberta_large_english,s4,siebert
SE,0.008480837530605181,0.03260420679875131,-0.05542340779494739,0.07238508285615775,0,CHATGPT4,siebert_sentiment_roberta_large_english,s4,siebert
TV,-0.005308138494490353,0.04160344188345079,-0.0868508845860539,0.07623460759707319,0,CHATGPT4,siebert_sentiment_roberta_large_english,s5,siebert
DE,0.002294851744390012,0.028647402026720975,-0.0538540562279831,0.05844375971676312,0,CHATGPT4,siebert_sentiment_roberta_large_english,s5,siebert
IE,-0.006274118671322298,0.018608402253681242,-0.042746587088537534,0.030198349745892937,0,CHATGPT4,siebert_sentiment_roberta_large_english,s5,siebert
SE,0.013877108910202662,0.03148967648405014,-0.04784265699853561,0.07559687481894094,0,CHATGPT4,siebert_sentiment_roberta_large_english,s5,siebert
TV,-0.04907490980781861,0.05273245498103445,-0.15243052157064613,0.05428070195500891,0,CHATGPT4,siebert_sentiment_roberta_large_english,s6,siebert
DE,-0.07837297227524682,0.01654190713354847,-0.11079511025700182,-0.045950834293491824,-,CHATGPT4,siebert_sentiment_roberta_large_english,s6,siebert
IE,-0.034549478988026794,0.03068669158621646,-0.09469539449701106,0.025596436520957465,0,CHATGPT4,siebert_sentiment_roberta_large_english,s6,siebert
SE,0.005251416520598581,0.03846666613975618,-0.07014324911332354,0.08064608215452071,0,CHATGPT4,siebert_sentiment_roberta_large_english,s6,siebert
TV,-0.05582904100073362,0.03661110740678085,-0.1275868115180241,0.01592872951655684,0,CHATGPT4,siebert_sentiment_roberta_large_english,s7,siebert
DE,-0.04027445003042968,0.020578206883168387,-0.08060773552143972,5.883546058035871e-5,0,CHATGPT4,siebert_sentiment_roberta_large_english,s7,siebert
IE,0.024436822494689397,0.022687757771100648,-0.020031182736667874,0.06890482772604667,0,CHATGPT4,siebert_sentiment_roberta_large_english,s7,siebert
SE,-0.008882231524385465,0.02251657711862397,-0.05301472267688845,0.03525025962811752,0,CHATGPT4,siebert_sentiment_roberta_large_english,s7,siebert
TV,0.38491478181192845,0.043407567289489704,0.29983594992452867,0.46999361369932824,+,CHATGPT4,siebert_sentiment_roberta_large_english,s8,siebert
DE,0.04520599797296893,0.018923367890910675,0.008116196906784008,0.08229579903915385,+,CHATGPT4,siebert_sentiment_roberta_large_english,s8,siebert
IE,-0.35512648037343175,0.030884146991802707,-0.41565940847736504,-0.29459355226949846,-,CHATGPT4,siebert_sentiment_roberta_large_english,s8,siebert
SE,0.015417696534472195,0.04311241901413537,-0.06908264473323313,0.09991803780217752,0,CHATGPT4,siebert_sentiment_roberta_large_english,s8,siebert
TV,-0.305899347483568,0.024046306767778695,-0.35303010874841423,-0.2587685862187218,-,CHATGPT4,siebert_sentiment_roberta_large_english,s9,siebert
DE,-0.0012150607767176112,0.002688529976595773,-0.006484579530845327,0.004054457977410103,0,CHATGPT4,siebert_sentiment_roberta_large_english,s9,siebert
IE,0.3055371673528079,0.022707569218423707,0.2610303316846974,0.35004400302091837,+,CHATGPT4,siebert_sentiment_roberta_large_english,s9,siebert
SE,-8.528806459574988e-4,0.003110119360563766,-0.00694871459266248,0.005242953300747482,0,CHATGPT4,siebert_sentiment_roberta_large_english,s9,siebert
TV,0.09245707769455325,0.041542857259545526,0.011033077465844018,0.17388107792326246,+,CHATGPT4,siebert_sentiment_roberta_large_english,s10,siebert
DE,-0.019860050927550325,0.023447079561778165,-0.06581632686863553,0.026096225013534875,0,CHATGPT4,siebert_sentiment_roberta_large_english,s10,siebert
IE,-0.11351461262270059,0.024766469302131413,-0.16205689245487814,-0.06497233279052302,-,CHATGPT4,siebert_sentiment_roberta_large_english,s10,siebert
SE,0.001197484000597011,0.03220914091188858,-0.06193243218670461,0.06432740018789863,0,CHATGPT4,siebert_sentiment_roberta_large_english,s10,siebert
TV,0.11251302327226194,0.03931637109008481,0.035452935935695706,0.18957311060882817,+,CHATGPT4,siebert_sentiment_roberta_large_english,s11,siebert
DE,-0.021268361488919835,0.01223654330194653,-0.04525198636073503,0.0027152633828953637,0,CHATGPT4,siebert_sentiment_roberta_large_english,s11,siebert
IE,-0.12409817784053274,0.030830690806186632,-0.18452633182065853,-0.06367002386040695,-,CHATGPT4,siebert_sentiment_roberta_large_english,s11,siebert
SE,-0.00968320692064902,0.029012449203991254,-0.06654760736047187,0.04718119351917383,0,CHATGPT4,siebert_sentiment_roberta_large_english,s11,siebert
TV,-0.17017360270583637,0.04614815861806178,-0.2606239935972374,-0.07972321181443529,-,CHATGPT4,siebert_sentiment_roberta_large_english,s12,siebert
DE,-0.04434613949353664,0.03062770980131626,-0.10437645070411651,0.015684171717043227,0,CHATGPT4,siebert_sentiment_roberta_large_english,s12,siebert
IE,0.12664114532278156,0.014142803972564254,0.09892124953655562,0.1543610411090075,+,CHATGPT4,siebert_sentiment_roberta_large_english,s12,siebert
SE,-8.136821104818426e-4,0.03274567701455946,-0.06499520905901839,0.0633678448380547,0,CHATGPT4,siebert_sentiment_roberta_large_english,s12,siebert
TV,-0.2635620815185999,0.0327642709284765,-0.3277800525384138,-0.19934411049878595,-,CHATGPT4,siebert_sentiment_roberta_large_english,s13,siebert
DE,-0.022002815141073898,0.021690804919519416,-0.06451679278333194,0.020511162501184156,0,CHATGPT4,siebert_sentiment_roberta_large_english,s13,siebert
IE,0.23938760328782802,0.021874733260767953,0.19651312609672283,0.2822620804789332,+,CHATGPT4,siebert_sentiment_roberta_large_english,s13,siebert
SE,0.0021716630896979642,0.013957556885402393,-0.025185148405690725,0.029528474585086655,0,CHATGPT4,siebert_sentiment_roberta_large_english,s13,siebert
TV,0.29060617453184845,0.041975880335014586,0.20833344907521986,0.372878899988477,+,CHATGPT4,siebert_sentiment_roberta_large_english,s14,siebert
DE,0.08687690448210994,0.014657337276662623,0.0581485234198512,0.11560528554436868,+,CHATGPT4,siebert_sentiment_roberta_large_english,s14,siebert
IE,-0.19154106209665206,0.03218219397698541,-0.25461816229154344,-0.12846396190176068,-,CHATGPT4,siebert_sentiment_roberta_large_english,s14,siebert
SE,-0.012188207953086429,0.03849295943134692,-0.08763440843852638,0.06325799253235354,0,CHATGPT4,siebert_sentiment_roberta_large_english,s14,siebert
TV,0.009363808523803217,0.04319503853830366,-0.07529846701127194,0.09402608405887838,0,GEMINIPRO,gpt_3_5_turbo,s1,gpt35
DE,-1.2320096018684705e-5,0.0153967253086852,-0.030189901701041678,0.030165261509004306,0,GEMINIPRO,gpt_3_5_turbo,s1,gpt35
IE,-0.00828862257945167,0.005593153361878811,-0.01925120316873414,0.0026739580098308,0,GEMINIPRO,gpt_3_5_turbo,s1,gpt35
SE,-0.0010875060403702308,0.03846553410397375,-0.07647995288415878,0.0743049408034183,0,GEMINIPRO,gpt_3_5_turbo,s1,gpt35
TV,0.11292635210730599,0.040263021001294336,0.03401083094476909,0.1918418732698429,+,GEMINIPRO,gpt_3_5_turbo,s2,gpt35
DE,0.10049152081159633,0.016544256727019393,0.06806477762663832,0.13291826399655435,+,GEMINIPRO,gpt_3_5_turbo,s2,gpt35
IE,5.322353697967664e-4,0.00800924000853355,-0.015165875046928989,0.01623034578652252,0,GEMINIPRO,gpt_3_5_turbo,s2,gpt35
SE,-0.012967066665506437,0.038067326781036984,-0.08757902715633893,0.06164489382532605,0,GEMINIPRO,gpt_3_5_turbo,s2,gpt35
TV,0.17706027214030784,0.040838621080214674,0.09701657482308708,0.2571039694575286,+,GEMINIPRO,gpt_3_5_turbo,s3,gpt35
DE,0.17285149240425796,0.015505836102318628,0.14246005364371345,0.20324293116480247,+,GEMINIPRO,gpt_3_5_turbo,s3,gpt35
IE,0.0059591203006161405,0.006132265374095111,-0.006060119832610278,0.017978360433842558,0,GEMINIPRO,gpt_3_5_turbo,s3,gpt35
SE,-0.01016790003666604,0.041037690439592864,-0.09060177329826805,0.07026597322493597,0,GEMINIPRO,gpt_3_5_turbo,s3,gpt35
TV,0.14557182073424674,0.03970013984856203,0.06775954663106516,0.22338409483742833,+,GEMINIPRO,gpt_3_5_turbo,s4,gpt35
DE,0.1554628639009939,0.01343666144910419,0.12912700746074968,0.18179872034123812,+,GEMINIPRO,gpt_3_5_turbo,s4,gpt35
IE,0.005032070125787584,0.003870933588378862,-0.0025549597074349855,0.012619099959010154,0,GEMINIPRO,gpt_3_5_turbo,s4,gpt35
SE,0.0048589730409595985,0.040486849405541425,-0.0744952517939016,0.0842131978758208,0,GEMINIPRO,gpt_3_5_turbo,s4,gpt35
TV,-0.02699171745585257,0.04211136860958135,-0.109529999930632,0.05554656501892687,0,GEMINIPRO,gpt_3_5_turbo,s5,gpt35
DE,-0.023302883874946397,0.013901545396774347,-0.05054991285262411,0.003944145102731323,0,GEMINIPRO,gpt_3_5_turbo,s5,gpt35
IE,0.0049220721580775385,0.004815195422556712,-0.004515710870133617,0.014359855186288694,0,GEMINIPRO,gpt_3_5_turbo,s5,gpt35
SE,-0.0012332385771713632,0.03730674008796264,-0.07435444914957814,0.07188797199523542,0,GEMINIPRO,gpt_3_5_turbo,s5,gpt35
TV,-0.15326769807782456,0.04040317206379939,-0.23245791532287136,-0.07407748083277775,-,GEMINIPRO,gpt_3_5_turbo,s6,gpt35
DE,-0.15827391946578456,0.017316739322204493,-0.19221472853730537,-0.12433311039426376,-,GEMINIPRO,gpt_3_5_turbo,s6,gpt35
IE,-0.003706316663309004,0.0036324551264096637,-0.010825928711071945,0.0034132953844539364,0,GEMINIPRO,gpt_3_5_turbo,s6,gpt35
SE,-0.001299904724651001,0.034225599050088,-0.06838207886282348,0.06578226941352149,0,GEMINIPRO,gpt_3_5_turbo,s6,gpt35
TV,-0.02648891555572228,0.04208404094139422,-0.10897363580085495,0.0559958046894104,0,GEMINIPRO,gpt_3_5_turbo,s7,gpt35
DE,-0.0251952056356467,0.015906203440256908,-0.05637136437855024,0.0059809531072568395,0,GEMINIPRO,gpt_3_5_turbo,s7,gpt35
IE,8.529991439885264e-4,0.0042519415840116094,-0.007480806360674228,0.00918680464865128,0,GEMINIPRO,gpt_3_5_turbo,s7,gpt35
SE,4.4071077608705104e-4,0.03624453877296823,-0.07059858521893068,0.07148000677110479,0,GEMINIPRO,gpt_3_5_turbo,s7,gpt35
TV,0.056152413452584024,0.04291757757707116,-0.02796603859847545,0.14027086550364348,0,GEMINIPRO,gpt_3_5_turbo,s8,gpt35
DE,0.003786883968985058,0.014255606754422704,-0.02415410526968344,0.03172787320765356,0,GEMINIPRO,gpt_3_5_turbo,s8,gpt35
IE,-0.05519085738065987,0.0076142499619844374,-0.07011478730614937,-0.04026692745517037,-,GEMINIPRO,gpt_3_5_turbo,s8,gpt35
SE,0.002825327897060903,0.03856286006745876,-0.07275787783515826,0.07840853362928006,0,GEMINIPRO,gpt_3_5_turbo,s8,gpt35
TV,-0.031649260307876986,0.04465607913397114,-0.11917517541046042,0.05587665479470645,0,GEMINIPRO,gpt_3_5_turbo,s9,gpt35
DE,-0.02691827100532332,0.01129888729119252,-0.04906409009606066,-0.00477245191458598,-,GEMINIPRO,gpt_3_5_turbo,s9,gpt35
IE,4.495618611892778e-4,0.008478635696897,-0.016168564104728844,0.017067687827107398,0,GEMINIPRO,gpt_3_5_turbo,s9,gpt35
SE,0.0042814274413643895,0.03941485003223614,-0.07297167862181844,0.08153453350454723,0,GEMINIPRO,gpt_3_5_turbo,s9,gpt35
TV,0.009363808523803217,0.04319503853830366,-0.07529846701127194,0.09402608405887838,0,GEMINIPRO,gpt_3_5_turbo,s10,gpt35
DE,-1.28521451427563e-4,0.015381726190576234,-0.03027670478495698,0.030019661882101856,0,GEMINIPRO,gpt_3_5_turbo,s10,gpt35
IE,-0.009256481558693111,0.005559504833393086,-0.02015311103214356,0.0016401479147573374,0,GEMINIPRO,gpt_3_5_turbo,s10,gpt35
SE,-2.3584841653766762e-4,0.03950697555617675,-0.0776695205066441,0.07719782367356877,0,GEMINIPRO,gpt_3_5_turbo,s10,gpt35
TV,0.0351149069681685,0.04240347337481835,-0.04799590084647546,0.11822571478281246,0,GEMINIPRO,gpt_3_5_turbo,s11,gpt35
DE,0.0037981121457975235,0.015107679026136201,-0.02581293874542943,0.03340916303702448,0,GEMINIPRO,gpt_3_5_turbo,s11,gpt35
IE,-0.03521995736297646,0.006911209987214657,-0.04876592893791719,-0.02167398578803573,-,GEMINIPRO,gpt_3_5_turbo,s11,gpt35
SE,0.0039031625406054818,0.03689036748783487,-0.06840195773555087,0.07620828281676183,0,GEMINIPRO,gpt_3_5_turbo,s11,gpt35
TV,0.00419971374821087,0.042849971594550534,-0.07978623057710817,0.08818565807352992,0,GEMINIPRO,gpt_3_5_turbo,s12,gpt35
DE,-0.016882796137123617,0.01386518160918319,-0.044058552091122666,0.010292959816875436,0,GEMINIPRO,gpt_3_5_turbo,s12,gpt35
IE,-0.019916238560427853,0.004843750089420483,-0.029409988735692,-0.010422488385163705,-,GEMINIPRO,gpt_3_5_turbo,s12,gpt35
SE,-0.0011662713249066317,0.037288747790765624,-0.07425221699480725,0.071919674344994,0,GEMINIPRO,gpt_3_5_turbo,s12,gpt35
TV,-0.01259414121338264,0.04205326309463823,-0.09501853687887356,0.06983025445210829,0,GEMINIPRO,gpt_3_5_turbo,s13,gpt35
DE,-0.01225724109738409,0.012700968141305497,-0.037151138654342865,0.012636656459574682,0,GEMINIPRO,gpt_3_5_turbo,s13,gpt35
IE,-0.0018206915707829397,0.0057699496997629,-0.013129792982318225,0.009488409840752346,0,GEMINIPRO,gpt_3_5_turbo,s13,gpt35
SE,0.002157591686781487,0.03616586745904766,-0.06872750853295191,0.0730426919065149,0,GEMINIPRO,gpt_3_5_turbo,s13,gpt35
TV,0.2381246445112537,0.041788627539106074,0.15621893453460578,0.3200303544879016,+,GEMINIPRO,gpt_3_5_turbo,s14,gpt35
DE,0.2034196954384101,0.014355760980091116,0.1752824039174315,0.2315569869593887,+,GEMINIPRO,gpt_3_5_turbo,s14,gpt35
IE,-0.017436312031880074,0.006048537104902774,-0.02929144475748951,-0.005581179306270638,-,GEMINIPRO,gpt_3_5_turbo,s14,gpt35
SE,-0.01726863704096355,0.04555789276587679,-0.10656210686208206,0.07202483278015495,0,GEMINIPRO,gpt_3_5_turbo,s14,gpt35
TV,0.04501990637441482,0.03892441725663741,-0.0312719514485945,0.12131176419742414,0,GEMINIPRO,llama_3_1_8b_instant,s1,llama8b
DE,0.04149382480569627,0.01872175305572481,0.004799188816475647,0.0781884607949169,+,GEMINIPRO,llama_3_1_8b_instant,s1,llama8b
IE,-0.00415019537421463,0.005018772075205387,-0.013986988641617189,0.005686597893187928,0,GEMINIPRO,llama_3_1_8b_instant,s1,llama8b
SE,6.241138054960832e-4,0.035779158451460936,-0.06950303675936735,0.07075126437035952,0,GEMINIPRO,llama_3_1_8b_instant,s1,llama8b
TV,0.19858217024707633,0.03516728342901043,0.12965429472621587,0.2675100457679368,+,GEMINIPRO,llama_3_1_8b_instant,s2,llama8b
DE,0.17319189674930904,0.018232781241861836,0.13745564551525985,0.20892814798335824,+,GEMINIPRO,llama_3_1_8b_instant,s2,llama8b
IE,-0.004026164359700254,0.006994898612020476,-0.017736165639260386,0.00968383691985988,0,GEMINIPRO,llama_3_1_8b_instant,s2,llama8b
SE,-0.02136410913806706,0.03722678859239962,-0.09432861477917032,0.05160039650303619,0,GEMINIPRO,llama_3_1_8b_instant,s2,llama8b
TV,0.2164802395134726,0.037643001285348074,0.14269995699419036,0.2902605220327548,+,GEMINIPRO,llama_3_1_8b_instant,s3,llama8b
DE,0.19835493230952903,0.01792172209818009,0.16322835699709604,0.23348150762196201,+,GEMINIPRO,llama_3_1_8b_instant,s3,llama8b
IE,-0.003722501694441702,0.0076913911130559055,-0.018797628276031278,0.011352624887147873,0,GEMINIPRO,llama_3_1_8b_instant,s3,llama8b
SE,-0.014402805509501838,0.040870656215579414,-0.09450929169203748,0.06570368067303381,0,GEMINIPRO,llama_3_1_8b_instant,s3,llama8b
TV,0.1699418455593144,0.03769982482525941,0.09605018890180597,0.24383350221682284,+,GEMINIPRO,llama_3_1_8b_instant,s4,llama8b
DE,0.1736376382502306,0.014572334699796696,0.14507586223862906,0.20219941426183213,+,GEMINIPRO,llama_3_1_8b_instant,s4,llama8b
IE,9.44885928905938e-4,0.003920569700891678,-0.00673943068484175,0.008629202542653626,0,GEMINIPRO,llama_3_1_8b_instant,s4,llama8b
SE,0.0027509067620102557,0.039681393088067785,-0.0750246236906026,0.08052643721462312,0,GEMINIPRO,llama_3_1_8b_instant,s4,llama8b
TV,-0.03001156430692305,0.04126316325478353,-0.11088736428629876,0.05086423567245267,0,GEMINIPRO,llama_3_1_8b_instant,s5,llama8b
DE,-0.021306672592387985,0.014937454259017262,-0.050584082940061816,0.007970737755285846,0,GEMINIPRO,llama_3_1_8b_instant,s5,llama8b
IE,0.002973878316053187,0.004073090882032001,-0.005009379812729535,0.01095713644483591,0,GEMINIPRO,llama_3_1_8b_instant,s5,llama8b
SE,0.005731013398481879,0.036426314317875054,-0.06566456266455323,0.07712658946151699,0,GEMINIPRO,llama_3_1_8b_instant,s5,llama8b
TV,-0.19250445382090942,0.0405015468276651,-0.27188748560313303,-0.11312142203868582,-,GEMINIPRO,llama_3_1_8b_instant,s6,llama8b
DE,-0.18211781716590875,0.02027323616978154,-0.22185336005868056,-0.14238227427313693,-,GEMINIPRO,llama_3_1_8b_instant,s6,llama8b
IE,0.007789341500363875,0.0036422572171164102,6.505173548157113e-4,0.01492816564591204,+,GEMINIPRO,llama_3_1_8b_instant,s6,llama8b
SE,0.002597295154636788,0.0323513511329036,-0.060811353065854265,0.06600594337512784,0,GEMINIPRO,llama_3_1_8b_instant,s6,llama8b
TV,-0.028226801417508874,0.038929952081716894,-0.10452950749767398,0.04807590466265624,0,GEMINIPRO,llama_3_1_8b_instant,s7,llama8b
DE,-0.03420556798889692,0.01706234547945499,-0.0676477651286287,-7.633708491651403e-4,-,GEMINIPRO,llama_3_1_8b_instant,s7,llama8b
IE,-6.724736438731786e-4,0.004332677018833333,-0.009164520600786511,0.007819573313040154,0,GEMINIPRO,llama_3_1_8b_instant,s7,llama8b
SE,-0.005306292927514864,0.03480453637723886,-0.07352318422690303,0.06291059837187331,0,GEMINIPRO,llama_3_1_8b_instant,s7,llama8b
TV,0.02749679685498032,0.0450949483479494,-0.0608893019070005,0.11588289561696113,0,GEMINIPRO,llama_3_1_8b_instant,s8,llama8b
DE,0.0016352929475502295,0.019311319777477146,-0.03621489381630497,0.03948547971140543,0,GEMINIPRO,llama_3_1_8b_instant,s8,llama8b
IE,-0.027890395410631826,0.010768442537146466,-0.0489965427834389,-0.006784248037824753,-,GEMINIPRO,llama_3_1_8b_instant,s8,llama8b
SE,0.00202889150320174,0.038468634645383006,-0.07336963240174896,0.07742741540815243,0,GEMINIPRO,llama_3_1_8b_instant,s8,llama8b
TV,-0.0782047387796174,0.042647680066884214,-0.16179419171071047,0.005384714151475664,0,GEMINIPRO,llama_3_1_8b_instant,s9,llama8b
DE,-0.06148126332210432,0.013810326635342507,-0.08854950352737563,-0.034413023116833,-,GEMINIPRO,llama_3_1_8b_instant,s9,llama8b
IE,0.011446674070628935,0.009246103580828337,-0.006675688947794604,0.029569037089052473,0,GEMINIPRO,llama_3_1_8b_instant,s9,llama8b
SE,0.00527680138688415,0.035393530671282876,-0.06409451872883029,0.07464812150259859,0,GEMINIPRO,llama_3_1_8b_instant,s9,llama8b
TV,0.04501990637441482,0.03892441725663741,-0.0312719514485945,0.12131176419742414,0,GEMINIPRO,llama_3_1_8b_instant,s10,llama8b
DE,0.04170115402063262,0.018930777123532624,0.004596830858508677,0.07880547718275656,+,GEMINIPRO,llama_3_1_8b_instant,s10,llama8b
IE,-0.00421129254908406,0.004904027312424627,-0.013823186081436328,0.005400600983268208,0,GEMINIPRO,llama_3_1_8b_instant,s10,llama8b
SE,8.925401953018556e-4,0.035330833990099765,-0.06835589442529369,0.0701409748158974,0,GEMINIPRO,llama_3_1_8b_instant,s10,llama8b
TV,0.041799073744210866,0.04355209899389163,-0.04356304028381673,0.12716118777223845,0,GEMINIPRO,llama_3_1_8b_instant,s11,llama8b
DE,0.015950319300522205,0.016934208280683694,-0.017240728929617834,0.04914136753066224,0,GEMINIPRO,llama_3_1_8b_instant,s11,llama8b
IE,-0.031338298720281696,0.008455349624183348,-0.04791078398368106,-0.014765813456882333,-,GEMINIPRO,llama_3_1_8b_instant,s11,llama8b
SE,0.0054895442765930365,0.037377567831074036,-0.06777048867231207,0.07874957722549815,0,GEMINIPRO,llama_3_1_8b_instant,s11,llama8b
TV,-0.030063250395314996,0.04210058373093577,-0.1125803945079491,0.0524538937173191,0,GEMINIPRO,llama_3_1_8b_instant,s12,llama8b
DE,-0.03137064607545291,0.01640429234702553,-0.06352305907562295,7.817669247171324e-4,0,GEMINIPRO,llama_3_1_8b_instant,s12,llama8b
IE,-0.005324358167333045,0.006429922596874012,-0.01792700645720611,0.007278290122540019,0,GEMINIPRO,llama_3_1_8b_instant,s12,llama8b
SE,0.004016962487195129,0.035746985761088985,-0.06604712960453928,0.07408105457892954,0,GEMINIPRO,llama_3_1_8b_instant,s12,llama8b
TV,-0.0694271214195089,0.0331559775845914,-0.13441283748530802,-0.004441405353709751,-,GEMINIPRO,llama_3_1_8b_instant,s13,llama8b
DE,-0.026137686533490804,0.014702669193709345,-0.05495491815316112,0.0026795450861795134,0,GEMINIPRO,llama_3_1_8b_instant,s13,llama8b
IE,0.035819648624472025,0.008055512886141382,0.02003084336763492,0.051608453881309135,+,GEMINIPRO,llama_3_1_8b_instant,s13,llama8b
SE,0.007469786261546064,0.03018828609609217,-0.05169925448679459,0.06663882700988671,0,GEMINIPRO,llama_3_1_8b_instant,s13,llama8b
TV,0.256312230062941,0.04530359543864416,0.16751718300319846,0.3451072771226836,+,GEMINIPRO,llama_3_1_8b_instant,s14,llama8b
DE,0.20112598432214704,0.01600119862239383,0.16976363502225514,0.23248833362203894,+,GEMINIPRO,llama_3_1_8b_instant,s14,llama8b
IE,-0.029318592021047484,0.007403219992393247,-0.04382890320613825,-0.014808280835956719,-,GEMINIPRO,llama_3_1_8b_instant,s14,llama8b
SE,-0.025867653719746468,0.047212236769007127,-0.11840363778700044,0.06666833034750749,0,GEMINIPRO,llama_3_1_8b_instant,s14,llama8b
TV,0.008552067806064573,0.06034022176125196,-0.10971476684598926,0.1268189024581184,0,GEMINIPRO,siebert_sentiment_roberta_large_english,s1,siebert
DE,0.024507222837682283,0.03087395019766657,-0.0360057195497442,0.08502016522510876,0,GEMINIPRO,siebert_sentiment_roberta_large_english,s1,siebert
IE,0.01926148413788905,0.009097257425253377,0.0014308595843924299,0.03709210869138567,+,GEMINIPRO,siebert_sentiment_roberta_large_english,s1,siebert
SE,-0.0033063291062713418,0.04909059709502055,-0.09952389941251161,0.09291124119996894,0,GEMINIPRO,siebert_sentiment_roberta_large_english,s1,siebert
TV,0.2501429798557397,0.06036206479889659,0.1318333328499024,0.368452626861577,+,GEMINIPRO,siebert_sentiment_roberta_large_english,s2,siebert
DE,0.23824360136872613,0.028878777992811612,0.18164119650281538,0.2948460062346369,+,GEMINIPRO,siebert_sentiment_roberta_large_english,s2,siebert
IE,0.010643871782371785,0.009743335708562057,-0.008453066206409846,0.029740809771153415,0,GEMINIPRO,siebert_sentiment_roberta_large_english,s2,siebert
SE,-0.02254325026938533,0.056653484412481685,-0.13358407971784944,0.08849757917907877,0,GEMINIPRO,siebert_sentiment_roberta_large_english,s2,siebert
TV,0.22131018440931619,0.06290260792398084,0.09802107287831376,0.34459929594031863,+,GEMINIPRO,siebert_sentiment_roberta_large_english,s3,siebert
DE,0.18724207153381592,0.027465190568102982,0.13341029802033408,0.24107384504729776,+,GEMINIPRO,siebert_sentiment_roberta_large_english,s3,siebert
IE,-0.0010510301677508092,0.004551267777052371,-0.009971515010773455,0.007869454675271836,0,GEMINIPRO,siebert_sentiment_roberta_large_english,s3,siebert
SE,-0.033017082707749446,0.060474395475206714,-0.1515468978391546,0.08551273242365572,0,GEMINIPRO,siebert_sentiment_roberta_large_english,s3,siebert
TV,0.20924686821529837,0.06253024203523742,0.08668759382623302,0.3318061426043637,+,GEMINIPRO,siebert_sentiment_roberta_large_english,s4,siebert
DE,0.21774834249054703,0.027889728144424336,0.16308447532747533,0.27241220965361873,+,GEMINIPRO,siebert_sentiment_roberta_large_english,s4,siebert
IE,0.00285868276584732,0.006333503646658652,-0.009554984381603637,0.015272349913298278,0,GEMINIPRO,siebert_sentiment_roberta_large_english,s4,siebert
SE,0.005642791509401344,0.05860438040256778,-0.1092217940796315,0.1205073770984342,0,GEMINIPRO,siebert_sentiment_roberta_large_english,s4,siebert
TV,-0.051653312983169504,0.06313262964486058,-0.17539326708709624,0.07208664112075722,0,GEMINIPRO,siebert_sentiment_roberta_large_english,s5,siebert
DE,-0.04249785738473489,0.028058096251145317,-0.09749172603697971,0.012496011267509932,0,GEMINIPRO,siebert_sentiment_roberta_large_english,s5,siebert
IE,0.008937428303751912,0.007745666789994963,-0.006244078604638215,0.024118935212142038,0,GEMINIPRO,siebert_sentiment_roberta_large_english,s5,siebert
SE,2.180272946827065e-4,0.05432434625669355,-0.10625769136843666,0.10669374595780207,0,GEMINIPRO,siebert_sentiment_roberta_large_english,s5,siebert
TV,-0.2030352385398968,0.06038598319338827,-0.3213917655989378,-0.0846787114808558,-,GEMINIPRO,siebert_sentiment_roberta_large_english,s6,siebert
DE,-0.18875769116112703,0.03215314992853674,-0.25177786502105903,-0.12573751730119503,-,GEMINIPRO,siebert_sentiment_roberta_large_english,s6,siebert
IE,0.012480440351073319,0.007375726759578776,-0.0019759840977010817,0.02693686479984772,0,GEMINIPRO,siebert_sentiment_roberta_large_english,s6,siebert
SE,0.0017971070276964595,0.04372625561252929,-0.08390635397286095,0.08750056802825387,0,GEMINIPRO,siebert_sentiment_roberta_large_english,s6,siebert
TV,-0.04071967231045773,0.062081191932876555,-0.16239880849889576,0.08095946387798032,0,GEMINIPRO,siebert_sentiment_roberta_large_english,s7,siebert
DE,-0.04126801988225402,0.02991605841907443,-0.09990349438363991,0.01736745461913186,0,GEMINIPRO,siebert_sentiment_roberta_large_english,s7,siebert
IE,-8.222684183940856e-5,0.00945203867772579,-0.018608222650181958,0.01844376896650314,0,GEMINIPRO,siebert_sentiment_roberta_large_english,s7,siebert
SE,-4.661207299568844e-4,0.05020955589107673,-0.09887685027646727,0.0979446088165535,0,GEMINIPRO,siebert_sentiment_roberta_large_english,s7,siebert
TV,-0.022021450277153874,0.06651960834090613,-0.15239988262532989,0.10835698207102212,0,GEMINIPRO,siebert_sentiment_roberta_large_english,s8,siebert
DE,-0.07285506936521441,0.021623718326481176,-0.1152375572851175,-0.030472581445311307,-,GEMINIPRO,siebert_sentiment_roberta_large_english,s8,siebert
IE,-0.05252080158160113,0.012760246122782377,-0.07753088398225458,-0.02751071918094767,-,GEMINIPRO,siebert_sentiment_roberta_large_english,s8,siebert
SE,0.0016871824935405972,0.060950605598712966,-0.11777600447993682,0.121150369467018,0,GEMINIPRO,siebert_sentiment_roberta_large_english,s8,siebert
TV,-0.022455488601264693,0.06480844787352175,-0.14948004643336732,0.10456906923083792,0,GEMINIPRO,siebert_sentiment_roberta_large_english,s9,siebert
DE,-0.030865887772967286,0.019897247235332826,-0.06986449235421963,0.008132716808285052,0,GEMINIPRO,siebert_sentiment_roberta_large_english,s9,siebert
IE,-0.01916396355481798,0.013139877044251172,-0.044918122561550276,0.0065901954519143185,0,GEMINIPRO,siebert_sentiment_roberta_large_english,s9,siebert
SE,0.01075356438311539,0.05659147845100637,-0.10016573338085709,0.12167286214708788,0,GEMINIPRO,siebert_sentiment_roberta_large_english,s9,siebert
TV,0.02036693650068501,0.0632417227532581,-0.10358684009570085,0.14432071309707087,0,GEMINIPRO,siebert_sentiment_roberta_large_english,s10,siebert
DE,0.01335003578419113,0.031421791230675185,-0.04823667502793223,0.0749367465963145,0,GEMINIPRO,siebert_sentiment_roberta_large_english,s10,siebert
IE,-0.009036025800929317,0.01344669698342136,-0.03539155188843518,0.01731950028657655,0,GEMINIPRO,siebert_sentiment_roberta_large_english,s10,siebert
SE,0.0020191250844354375,0.053145316205956944,-0.10214569467924017,0.10618394484811106,0,GEMINIPRO,siebert_sentiment_roberta_large_english,s10,siebert
TV,-0.012015311621256523,0.06720631532236532,-0.14373968965309253,0.11970906641057949,0,GEMINIPRO,siebert_sentiment_roberta_large_english,s11,siebert
DE,-0.02856212548620788,0.018372737280530925,-0.0645726905560485,0.0074484395836327336,0,GEMINIPRO,siebert_sentiment_roberta_large_english,s11,siebert
IE,-0.020838055183322636,0.00966560107655148,-0.03978263329336354,-0.001893477073281736,-,GEMINIPRO,siebert_sentiment_roberta_large_english,s11,siebert
SE,0.004291241318371277,0.061642803043642495,-0.11652865264716801,0.12511113528391057,0,GEMINIPRO,siebert_sentiment_roberta_large_english,s11,siebert
TV,0.0011352787862825761,0.06585654511626439,-0.12794354964159563,0.1302141072141608,0,GEMINIPRO,siebert_sentiment_roberta_large_english,s12,siebert
DE,-0.013150452860369232,0.021210472150366685,-0.05472297827508794,0.02842207255434947,0,GEMINIPRO,siebert_sentiment_roberta_large_english,s12,siebert
IE,-0.01826586096015817,0.00848451551431933,-0.03489551136822405,-0.0016362105520922841,-,GEMINIPRO,siebert_sentiment_roberta_large_english,s12,siebert
SE,0.003980129313506362,0.05922213653196607,-0.11209525828914714,0.12005551691615986,0,GEMINIPRO,siebert_sentiment_roberta_large_english,s12,siebert
TV,-0.017944004162030736,0.05985868350541815,-0.1352670238326503,0.09937901550858882,0,GEMINIPRO,siebert_sentiment_roberta_large_english,s13,siebert
DE,-0.005281379849746259,0.026660300228337628,-0.05753556829728801,0.046972808597795485,0,GEMINIPRO,siebert_sentiment_roberta_large_english,s13,siebert
IE,0.004595670726891202,0.012357407863858038,-0.01962484868627055,0.028816190140052957,0,GEMINIPRO,siebert_sentiment_roberta_large_english,s13,siebert
SE,0.008066953585393274,0.047485267306237595,-0.0850041703348324,0.10113807750561896,0,GEMINIPRO,siebert_sentiment_roberta_large_english,s13,siebert
TV,0.18058865687272718,0.06431914753043635,0.05452312771307194,0.3066541860323824,+,GEMINIPRO,siebert_sentiment_roberta_large_english,s14,siebert
DE,0.12459843556944603,0.025420281567854277,0.07477468369645164,0.17442218744244042,+,GEMINIPRO,siebert_sentiment_roberta_large_english,s14,siebert
IE,-0.03663559129134791,0.00807004174879936,-0.05245287311899466,-0.020818309463701168,-,GEMINIPRO,siebert_sentiment_roberta_large_english,s14,siebert
SE,-0.01935463001193325,0.0628428991904403,-0.14252671242519624,0.10381745240132972,0,GEMINIPRO,siebert_sentiment_roberta_large_english,s14,siebert
TV,0.010471627947674622,0.03977403294320807,-0.0674854766210132,0.08842873251636243,0,TEMPLATE,gpt_3_5_turbo,s1,gpt35
DE,0.013410690396812695,0.01566770926738422,-0.017298019767260378,0.044119400560885765,0,TEMPLATE,gpt_3_5_turbo,s1,gpt35
IE,0.005154449639207387,0.006654214433830912,-0.0078878106511012,0.018196709929515973,0,TEMPLATE,gpt_3_5_turbo,s1,gpt35
SE,-0.0022153871900693115,0.036002789014291575,-0.07278085365808079,0.06835007927794218,0,TEMPLATE,gpt_3_5_turbo,s1,gpt35
TV,0.1438434036914576,0.039321943542738616,0.0667723943476899,0.2209144130352253,+,TEMPLATE,gpt_3_5_turbo,s2,gpt35
DE,0.12859501914086183,0.014187294058654631,0.10078792278589875,0.1564021154958249,+,TEMPLATE,gpt_3_5_turbo,s2,gpt35
IE,0.007895467670428938,0.006212912397142318,-0.004281840627970006,0.02007277596882788,0,TEMPLATE,gpt_3_5_turbo,s2,gpt35
SE,-0.023143852221024715,0.039050262018878054,-0.09968236577802571,0.05339466133597627,0,TEMPLATE,gpt_3_5_turbo,s2,gpt35
TV,0.13893875280484522,0.03888499059293656,0.06272417124268956,0.21515333436700088,+,TEMPLATE,gpt_3_5_turbo,s3,gpt35
DE,0.12361793575324763,0.014343839878599066,0.09550400959119346,0.1517318619153018,+,TEMPLATE,gpt_3_5_turbo,s3,gpt35
IE,-4.1775670468459554e-4,0.006525834757530805,-0.013208392829444972,0.012372879420075781,0,TEMPLATE,gpt_3_5_turbo,s3,gpt35
SE,-0.014903060346913011,0.03825792034960518,-0.08988858423213916,0.06008246353831315,0,TEMPLATE,gpt_3_5_turbo,s3,gpt35
TV,0.1026529055334263,0.035975068969357864,0.032141770353484894,0.17316404071336772,+,TEMPLATE,gpt_3_5_turbo,s4,gpt35
DE,0.10533623948014556,0.012805541297080043,0.08023737853786868,0.13043510042242246,+,TEMPLATE,gpt_3_5_turbo,s4,gpt35
IE,0.002543154355005961,0.004443730529907911,-0.006166557483613545,0.011252866193625467,0,TEMPLATE,gpt_3_5_turbo,s4,gpt35
SE,1.4017959171328375e-4,0.03611278093483823,-0.07064087104056965,0.07092123022399621,0,TEMPLATE,gpt_3_5_turbo,s4,gpt35
TV,-0.01229879668698242,0.03630299499135507,-0.08345266687003836,0.05885507349607352,0,TEMPLATE,gpt_3_5_turbo,s5,gpt35
DE,-0.01074494986510323,0.012706878031925226,-0.03565043080767667,0.014160531077470213,0,TEMPLATE,gpt_3_5_turbo,s5,gpt35
IE,-6.53343414280587e-4,0.003997315359812695,-0.008488081519513468,0.007181394690952295,0,TEMPLATE,gpt_3_5_turbo,s5,gpt35
SE,0.002207190236159771,0.03467006059926014,-0.0657461285383901,0.07016050901070964,0,TEMPLATE,gpt_3_5_turbo,s5,gpt35
TV,-0.1259009220190654,0.03661713184865515,-0.19767050044242948,-0.05413134359570129,-,TEMPLATE,gpt_3_5_turbo,s6,gpt35
DE,-0.12720646002262687,0.01239614115063585,-0.15150289667787314,-0.1029100233673806,-,TEMPLATE,gpt_3_5_turbo,s6,gpt35
IE,-0.0017953662554378949,0.005772099417570594,-0.013108681113876258,0.009517948603000469,0,TEMPLATE,gpt_3_5_turbo,s6,gpt35
SE,4.898282518764155e-4,0.032760933144101154,-0.06372160071056183,0.06470125721431468,0,TEMPLATE,gpt_3_5_turbo,s6,gpt35
TV,-0.008594116213226383,0.038773865893615915,-0.08459089336471357,0.0674026609382608,0,TEMPLATE,gpt_3_5_turbo,s7,gpt35
DE,-0.012177751570931641,0.014433812675305281,-0.04046802441452999,0.016112521272666706,0,TEMPLATE,gpt_3_5_turbo,s7,gpt35
IE,-0.0037541042748859394,0.003798631647372411,-0.011199422303735865,0.003691213753963986,0,TEMPLATE,gpt_3_5_turbo,s7,gpt35
SE,1.7046891718068156e-4,0.03531645578713885,-0.06904978442561147,0.06939072225997284,0,TEMPLATE,gpt_3_5_turbo,s7,gpt35
TV,0.06863417896361847,0.04015359026036987,-0.010066857946706476,0.1473352158739434,0,TEMPLATE,gpt_3_5_turbo,s8,gpt35
DE,0.025404266691724117,0.01333959558135062,-7.413406477230974e-4,0.05154987403117133,0,TEMPLATE,gpt_3_5_turbo,s8,gpt35
IE,-0.04642594767302992,0.007797204668175159,-0.061708468822653226,-0.031143426523406608,-,TEMPLATE,gpt_3_5_turbo,s8,gpt35
SE,0.003196035401135564,0.03755668371571255,-0.07041506468166103,0.07680713548393217,0,TEMPLATE,gpt_3_5_turbo,s8,gpt35
TV,-0.07019293870586696,0.03930718962906052,-0.14723503037882557,0.006849152967091654,0,TEMPLATE,gpt_3_5_turbo,s9,gpt35
DE,-0.03317040866506172,0.011750368684603116,-0.056201131286883824,-0.010139686043239612,-,TEMPLATE,gpt_3_5_turbo,s9,gpt35
IE,0.03816315266270374,0.007601908119791938,0.023263412747911542,0.05306289257749593,+,TEMPLATE,gpt_3_5_turbo,s9,gpt35
SE,-0.0011406226218984912,0.03508946299766015,-0.06991597009731237,0.0676347248535154,0,TEMPLATE,gpt_3_5_turbo,s9,gpt35
TV,0.010471627947674622,0.03977403294320807,-0.0674854766210132,0.08842873251636243,0,TEMPLATE,gpt_3_5_turbo,s10,gpt35
DE,0.007683465878069239,0.014633468806533715,-0.020998132982736843,0.036365064738875325,0,TEMPLATE,gpt_3_5_turbo,s10,gpt35
IE,9.7742431713324e-4,0.0055258749610841125,-0.009853290606591621,0.0118081392408581,0,TEMPLATE,gpt_3_5_turbo,s10,gpt35
SE,-0.0037655863867386247,0.03590176167920256,-0.07413303927797564,0.06660186650449838,0,TEMPLATE,gpt_3_5_turbo,s10,gpt35
TV,0.05777942362139758,0.04038640949112498,-0.02137793898120738,0.13693678622400254,0,TEMPLATE,gpt_3_5_turbo,s11,gpt35
DE,0.004426329567994906,0.012632904273265562,-0.020334162807605596,0.029186821943595405,0,TEMPLATE,gpt_3_5_turbo,s11,gpt35
IE,-0.05153241257460722,0.006658673498256335,-0.06458341263118964,-0.03848141251802481,-,TEMPLATE,gpt_3_5_turbo,s11,gpt35
SE,-0.0018206814787954525,0.036442352767299485,-0.07324769290270244,0.06960632994511154,0,TEMPLATE,gpt_3_5_turbo,s11,gpt35
TV,-0.00714566966043543,0.03962149941211515,-0.08480380850818113,0.07051246918731026,0,TEMPLATE,gpt_3_5_turbo,s12,gpt35
DE,-0.015003157491106131,0.012734121327597351,-0.03996203529319694,0.009955720310984677,0,TEMPLATE,gpt_3_5_turbo,s12,gpt35
IE,-0.008324137316394198,0.0045530723871215414,-0.01724815919515242,5.998845623640236e-4,0,TEMPLATE,gpt_3_5_turbo,s12,gpt35
SE,4.6664948572349547e-4,0.035537631860203096,-0.06918710896027458,0.07012040793172156,0,TEMPLATE,gpt_3_5_turbo,s12,gpt35
TV,-0.07145607160044755,0.03906407185854223,-0.14802165244319032,0.005109509242295224,0,TEMPLATE,gpt_3_5_turbo,s13,gpt35
DE,-0.03602525365978472,0.012564604452635002,-0.060651878386949326,-0.011398628932620114,-,TEMPLATE,gpt_3_5_turbo,s13,gpt35
IE,0.034705911121529,0.006074050218917194,0.0228007726924513,0.0466110495506067,+,TEMPLATE,gpt_3_5_turbo,s13,gpt35
SE,7.249068191338273e-4,0.03499388390585199,-0.06786310563633606,0.06931291927460372,0,TEMPLATE,gpt_3_5_turbo,s13,gpt35
TV,0.22807564175484865,0.03934970266592267,0.15095022452964021,0.3052010589800571,+,TEMPLATE,gpt_3_5_turbo,s14,gpt35
DE,0.17786681656043646,0.015484317306808678,0.14751755463909144,0.20821607848178147,+,TEMPLATE,gpt_3_5_turbo,s14,gpt35
IE,-0.024675417048446488,0.007864625082613184,-0.040090082210368326,-0.009260751886524648,-,TEMPLATE,gpt_3_5_turbo,s14,gpt35
SE,-0.025533408145965712,0.04242904956460846,-0.1086943452925983,0.05762752900066687,0,TEMPLATE,gpt_3_5_turbo,s14,gpt35
TV,0.004352839705248108,0.03801036944201442,-0.07014748440110015,0.07885316381159636,0,TEMPLATE,llama_3_1_8b_instant,s1,llama8b
DE,-0.010563617937664709,0.014031320059755258,-0.03806500525478501,0.016937769379455597,0,TEMPLATE,llama_3_1_8b_instant,s1,llama8b
IE,-0.016554330350223165,0.007094755168567689,-0.030460050480615834,-0.002648610219830495,-,TEMPLATE,llama_3_1_8b_instant,s1,llama8b
SE,0.001637872707310348,0.03526609457471197,-0.06748367265912511,0.0707594180737458,0,TEMPLATE,llama_3_1_8b_instant,s1,llama8b
TV,0.15659818364783015,0.03628000257942058,0.08548937859216582,0.22770698870349448,+,TEMPLATE,llama_3_1_8b_instant,s2,llama8b
DE,0.14376731029486886,0.01222746710718852,0.11980147476477936,0.16773314582495835,+,TEMPLATE,llama_3_1_8b_instant,s2,llama8b
IE,0.009605258600343803,0.008373374488457049,-0.006806555397032012,0.02601707259771962,0,TEMPLATE,llama_3_1_8b_instant,s2,llama8b
SE,-0.022436131953305086,0.0377637185737525,-0.09645302035785998,0.05158075645124981,0,TEMPLATE,llama_3_1_8b_instant,s2,llama8b
TV,0.15646473864154856,0.03631717722710706,0.08528307127641872,0.2276464060066784,+,TEMPLATE,llama_3_1_8b_instant,s3,llama8b
DE,0.14119244265313963,0.012723311087503991,0.1162547529216318,0.16613013238464744,+,TEMPLATE,llama_3_1_8b_instant,s3,llama8b
IE,0.006508004301185019,0.008693713366521647,-0.010531673897197408,0.023547682499567447,0,TEMPLATE,llama_3_1_8b_instant,s3,llama8b
SE,-0.02178030028959395,0.0388858240934711,-0.0979965155127973,0.0544359149336094,0,TEMPLATE,llama_3_1_8b_instant,s3,llama8b
TV,0.08961349183023906,0.03287222610477276,0.02518392866488446,0.15404305499559368,+,TEMPLATE,llama_3_1_8b_instant,s4,llama8b
DE,0.09405241826664094,0.010276778180090972,0.07390993303366264,0.11419490349961925,+,TEMPLATE,llama_3_1_8b_instant,s4,llama8b
IE,-0.002711847438506732,0.008672446603678153,-0.01970984278171591,0.014286147904702446,0,TEMPLATE,llama_3_1_8b_instant,s4,llama8b
SE,0.007150773874908618,0.034740838483720254,-0.060941269553183075,0.07524281730300031,0,TEMPLATE,llama_3_1_8b_instant,s4,llama8b
TV,-0.0429864041256447,0.03383156783194078,-0.10929627707624862,0.02332346882495922,0,TEMPLATE,llama_3_1_8b_instant,s5,llama8b
DE,-0.039498253778425065,0.009710929964744116,-0.05853167650932353,-0.020464831047526597,-,TEMPLATE,llama_3_1_8b_instant,s5,llama8b
IE,0.0033514177797896896,0.0075079882306993305,-0.011364239152380997,0.018067074711960375,0,TEMPLATE,llama_3_1_8b_instant,s5,llama8b
SE,1.3673256742995343e-4,0.03308337573109608,-0.06470668386551837,0.06498014900037827,0,TEMPLATE,llama_3_1_8b_instant,s5,llama8b
TV,-0.14726207219878096,0.03357290334414158,-0.21306496275329845,-0.08145918164426347,-,TEMPLATE,llama_3_1_8b_instant,s6,llama8b
DE,-0.15338140048705015,0.009566542218314175,-0.17213182323494594,-0.13463097773915436,-,TEMPLATE,llama_3_1_8b_instant,s6,llama8b
IE,-0.01000222021834261,0.0072995860507447975,-0.02430940887780241,0.004304968441117192,0,TEMPLATE,llama_3_1_8b_instant,s6,llama8b
SE,0.003882891930073408,0.029396075253039642,-0.05373341556588429,0.061499199426031104,0,TEMPLATE,llama_3_1_8b_instant,s6,llama8b
TV,-0.024102650641566557,0.03688043380321581,-0.09638830089586954,0.048182999612736435,0,TEMPLATE,llama_3_1_8b_instant,s7,llama8b
DE,-0.031150901411360003,0.012928924448296318,-0.05649159333002078,-0.005810209492699222,-,TEMPLATE,llama_3_1_8b_instant,s7,llama8b
IE,-0.0064642990024177125,0.006400841398548722,-0.019009948143573208,0.006081350138737782,0,TEMPLATE,llama_3_1_8b_instant,s7,llama8b
SE,-5.839517673757335e-4,0.03437247230544073,-0.06795399748603956,0.0667860939512881,0,TEMPLATE,llama_3_1_8b_instant,s7,llama8b
TV,0.09257339108369422,0.04079047911556823,0.01262405201718049,0.17252273015020797,+,TEMPLATE,llama_3_1_8b_instant,s8,llama8b
DE,0.011245973413344015,0.012496669913106898,-0.013247499616345505,0.035739446443033535,0,TEMPLATE,llama_3_1_8b_instant,s8,llama8b
IE,-0.08398335346498727,0.008180456780370996,-0.10001704875451442,-0.06794965817546011,-,TEMPLATE,llama_3_1_8b_instant,s8,llama8b
SE,0.0026559357946370687,0.03903683940701718,-0.07385626944311662,0.07916814103239074,0,TEMPLATE,llama_3_1_8b_instant,s8,llama8b
TV,-0.15816973856086605,0.032128606777056895,-0.22114180784389756,-0.09519766927783455,-,TEMPLATE,llama_3_1_8b_instant,s9,llama8b
DE,-0.041588146234707773,0.009981928703480435,-0.06115272649352943,-0.02202356597588612,-,TEMPLATE,llama_3_1_8b_instant,s9,llama8b
IE,0.11435416642890041,0.008395540236886415,0.09789890756460304,0.13080942529319778,+,TEMPLATE,llama_3_1_8b_instant,s9,llama8b
SE,0.0022274258972578725,0.025960285583560495,-0.0486547338465207,0.05310958564103644,0,TEMPLATE,llama_3_1_8b_instant,s9,llama8b
TV,0.004352839705248108,0.03801036944201442,-0.07014748440110015,0.07885316381159636,0,TEMPLATE,llama_3_1_8b_instant,s10,llama8b
DE,-0.01809417307938336,0.014289859226705195,-0.04610229716372554,0.009913951004958822,0,TEMPLATE,llama_3_1_8b_instant,s10,llama8b
IE,-0.025382439915058026,0.007662662795114073,-0.04040125899348161,-0.010363620836634443,-,TEMPLATE,llama_3_1_8b_instant,s10,llama8b
SE,0.0029354271304265554,0.035020006391535144,-0.06570378539698234,0.07157463965783543,0,TEMPLATE,llama_3_1_8b_instant,s10,llama8b
TV,0.06925387033668955,0.03991767452533124,-0.008984771732959682,0.14749251240633876,0,TEMPLATE,llama_3_1_8b_instant,s11,llama8b
DE,0.014579425551292357,0.012065289517977926,-0.009068541903944379,0.038227393006529095,0,TEMPLATE,llama_3_1_8b_instant,s11,llama8b
IE,-0.05551444340079351,0.007891731699373641,-0.07098223753156585,-0.040046649270021176,-,TEMPLATE,llama_3_1_8b_instant,s11,llama8b
SE,8.399986153963193e-4,0.03666019924399828,-0.0710139919028403,0.07269398913363295,0,TEMPLATE,llama_3_1_8b_instant,s11,llama8b
TV,-0.05992537453359088,0.035931992545750455,-0.13035207992326175,0.010501330856080002,0,TEMPLATE,llama_3_1_8b_instant,s12,llama8b
DE,-0.04448607763898594,0.011960613236760283,-0.06792887958303609,-0.021043275694935783,-,TEMPLATE,llama_3_1_8b_instant,s12,llama8b
IE,0.011121412399256552,0.006339688847302603,-0.0013043777414565496,0.023547202539969656,0,TEMPLATE,llama_3_1_8b_instant,s12,llama8b
SE,0.004317884495348389,0.03412177587498644,-0.06256079621962501,0.0711965652103218,0,TEMPLATE,llama_3_1_8b_instant,s12,llama8b
TV,-0.11733885836786484,0.03340218983526253,-0.18280715044497942,-0.05187056629075028,-,TEMPLATE,llama_3_1_8b_instant,s13,llama8b
DE,-0.029101895575825786,0.01164985615008379,-0.05193561362999001,-0.0062681775216615575,-,TEMPLATE,llama_3_1_8b_instant,s13,llama8b
IE,0.08433360675495258,0.008537928707032162,0.06759926648916954,0.10106794702073561,+,TEMPLATE,llama_3_1_8b_instant,s13,llama8b
SE,0.0039033560370864747,0.029910983437267814,-0.054722171499958436,0.06252888357413139,0,TEMPLATE,llama_3_1_8b_instant,s13,llama8b
TV,0.2771562150370958,0.04011312950501481,0.1985344812072668,0.3557779488669248,+,TEMPLATE,llama_3_1_8b_instant,s14,llama8b
DE,0.21763208487577765,0.012794657344086706,0.1925545564813677,0.24270961327018759,+,TEMPLATE,llama_3_1_8b_instant,s14,llama8b
IE,-0.03789716599439619,0.0065445415782326415,-0.05072446748773216,-0.02506986450106021,-,TEMPLATE,llama_3_1_8b_instant,s14,llama8b
SE,-0.021626964166921947,0.04563318088465288,-0.1110679987008416,0.0678140703669977,0,TEMPLATE,llama_3_1_8b_instant,s14,llama8b
TV,-0.058423677988350846,0.04944251307623695,-0.15533100361777527,0.03848364764107357,0,TEMPLATE,siebert_sentiment_roberta_large_english,s1,siebert
DE,-0.05250496822303437,0.03494466329790414,-0.12099650828692649,0.01598657184085775,0,TEMPLATE,siebert_sentiment_roberta_large_english,s1,siebert
IE,-0.0010617092181371469,0.004885432681355415,-0.01063715727359376,0.008513738837319467,0,TEMPLATE,siebert_sentiment_roberta_large_english,s1,siebert
SE,0.006980418983453625,0.03541685135355524,-0.06243660966951464,0.0763974476364219,0,TEMPLATE,siebert_sentiment_roberta_large_english,s1,siebert
TV,0.36920397089857293,0.04743026026711665,0.2762406607750243,0.46216728102212157,+,TEMPLATE,siebert_sentiment_roberta_large_english,s2,siebert
DE,0.32329357247959006,0.033922363982190354,0.256805739074497,0.38978140588468313,+,TEMPLATE,siebert_sentiment_roberta_large_english,s2,siebert
IE,0.015502959464107777,0.008215907321125634,-6.002188852984661e-4,0.03160613781351402,0,TEMPLATE,siebert_sentiment_roberta_large_english,s2,siebert
SE,-0.06141335788309066,0.04412421905389529,-0.14789682722872544,0.025070111462544106,0,TEMPLATE,siebert_sentiment_roberta_large_english,s2,siebert
TV,0.36920397089857293,0.04743026026711665,0.2762406607750243,0.46216728102212157,+,TEMPLATE,siebert_sentiment_roberta_large_english,s3,siebert
DE,0.3243059783397825,0.03444087349477815,0.2568018662900173,0.39181009038954767,+,TEMPLATE,siebert_sentiment_roberta_large_english,s3,siebert
IE,0.01345338121334221,0.008772120773337366,-0.0037399755023990264,0.03064673792908345,0,TEMPLATE,siebert_sentiment_roberta_large_english,s3,siebert
SE,-0.05835137377213265,0.04417915095511779,-0.1449425096441635,0.028239762099898216,0,TEMPLATE,siebert_sentiment_roberta_large_english,s3,siebert
TV,0.43847599899093553,0.04320896190786411,0.3537864336515219,0.5231655643303492,+,TEMPLATE,siebert_sentiment_roberta_large_english,s4,siebert
DE,0.44276267998012464,0.03397561465473206,0.37617047525684977,0.5093548847033995,+,TEMPLATE,siebert_sentiment_roberta_large_english,s4,siebert
IE,-0.007186821727217072,0.007317964562879073,-0.021530032270460055,0.0071563888160259105,0,TEMPLATE,siebert_sentiment_roberta_large_english,s4,siebert
SE,0.011473502716406191,0.04388532553513408,-0.0745417353324566,0.09748874076526899,0,TEMPLATE,siebert_sentiment_roberta_large_english,s4,siebert
TV,-0.11099700291810186,0.046953515503059366,-0.2030258933040982,-0.018968112532105494,-,TEMPLATE,siebert_sentiment_roberta_large_english,s5,siebert
DE,-0.09918761560595811,0.033146442408141234,-0.16415464272591493,-0.03422058848600129,-,TEMPLATE,siebert_sentiment_roberta_large_english,s5,siebert
IE,0.020412116364582802,0.009955297294855382,8.997336666662567e-4,0.03992449906249935,+,TEMPLATE,siebert_sentiment_roberta_large_english,s5,siebert
SE,-0.008602729052439048,0.03366015775640259,-0.07457663825498811,0.05737118015011002,0,TEMPLATE,siebert_sentiment_roberta_large_english,s5,siebert
TV,-0.5344971073110174,0.043861654293187995,-0.6204659497256659,-0.44852826489636893,-,TEMPLATE,siebert_sentiment_roberta_large_english,s6,siebert
DE,-0.5471591564340481,0.03244438039543114,-0.6107501420090932,-0.48356817085900305,-,TEMPLATE,siebert_sentiment_roberta_large_english,s6,siebert
IE,-0.005713953998558263,0.008993256545216193,-0.023340736827182004,0.011912828830065477,0,TEMPLATE,siebert_sentiment_roberta_large_english,s6,siebert
SE,-0.006948095124472396,0.021120682719766512,-0.048344633255214764,0.034448443006269966,0,TEMPLATE,siebert_sentiment_roberta_large_english,s6,siebert
TV,-0.06129056284056713,0.04945109656403927,-0.1582147121060841,0.03563358642494983,0,TEMPLATE,siebert_sentiment_roberta_large_english,s7,siebert
DE,-0.07022496512388723,0.03442191689903687,-0.1376919222459995,-0.0027580080017749753,-,TEMPLATE,siebert_sentiment_roberta_large_english,s7,siebert
IE,-0.005598934660370542,0.005600757907622252,-0.016576420159310157,0.005378550838569072,0,TEMPLATE,siebert_sentiment_roberta_large_english,s7,siebert
SE,-0.003335467622949562,0.03524680332393215,-0.07241920213785658,0.06574826689195745,0,TEMPLATE,siebert_sentiment_roberta_large_english,s7,siebert
TV,6.061115962823453e-4,0.05093926225540882,-0.09923484242431893,0.10044706561688363,0,TEMPLATE,siebert_sentiment_roberta_large_english,s8,siebert
DE,-0.01686710717896902,0.03302619194150153,-0.08159844338431202,0.04786422902637399,0,TEMPLATE,siebert_sentiment_roberta_large_english,s8,siebert
IE,-0.023939651360285693,0.01847337618102589,-0.06014746867509643,0.01226816595452505,0,TEMPLATE,siebert_sentiment_roberta_large_english,s8,siebert
SE,0.006466432585034329,0.03617171905091818,-0.06443013675476529,0.07736300192483396,0,TEMPLATE,siebert_sentiment_roberta_large_english,s8,siebert
TV,-0.08977165817271016,0.048501430802722706,-0.18483446254604666,0.0052911462006263454,0,TEMPLATE,siebert_sentiment_roberta_large_english,s9,siebert
DE,-0.06931503242184903,0.02563594123805671,-0.11956147724844018,-0.019068587595257876,-,TEMPLATE,siebert_sentiment_roberta_large_english,s9,siebert
IE,0.01953071162089993,0.017404961845970627,-0.014583013597202498,0.05364443683900236,0,TEMPLATE,siebert_sentiment_roberta_large_english,s9,siebert
SE,9.259141299611971e-4,0.03385307025269229,-0.0654261035653157,0.06727793182523809,0,TEMPLATE,siebert_sentiment_roberta_large_english,s9,siebert
TV,-0.022326866758831,0.050379857135598775,-0.1210713867446046,0.0764176532269426,0,TEMPLATE,siebert_sentiment_roberta_large_english,s10,siebert
DE,-0.025210111448477936,0.0346242441350858,-0.09307362995324611,0.042653407056290234,0,TEMPLATE,siebert_sentiment_roberta_large_english,s10,siebert
IE,-0.010703644984959767,0.00921228542470346,-0.02875972441737855,0.0073524344474590175,0,TEMPLATE,siebert_sentiment_roberta_large_english,s10,siebert
SE,0.00782040029531283,0.03679463732434505,-0.06429708886040346,0.07993788945102913,0,TEMPLATE,siebert_sentiment_roberta_large_english,s10,siebert
TV,-0.058878629721944346,0.04943221886478773,-0.1557657786969283,0.0380085192530396,0,TEMPLATE,siebert_sentiment_roberta_large_english,s11,siebert
DE,-0.06709984536875481,0.02963444982298546,-0.12518336702180632,-0.009016323715703309,-,TEMPLATE,siebert_sentiment_roberta_large_english,s11,siebert
IE,-0.016610168035666863,0.014011680561499288,-0.04407306193620547,0.01085272586487174,0,TEMPLATE,siebert_sentiment_roberta_large_english,s11,siebert
SE,0.008388952388856404,0.03500905497385178,-0.06022879535989308,0.07700670013760588,0,TEMPLATE,siebert_sentiment_roberta_large_english,s11,siebert
TV,-0.08911527305911063,0.04851946896588714,-0.1842134322322494,0.005982886114028155,0,TEMPLATE,siebert_sentiment_roberta_large_english,s12,siebert
DE,-0.06816653235466007,0.03151110908114763,-0.12992830615370943,-0.006404758555610707,-,TEMPLATE,siebert_sentiment_roberta_large_english,s12,siebert
IE,0.01770198307920095,0.011758575487236267,-0.005344824875782136,0.04074879103418404,0,TEMPLATE,siebert_sentiment_roberta_large_english,s12,siebert
SE,0.0032467576252496124,0.03404861497346466,-0.06348852772274112,0.06998204297324036,0,TEMPLATE,siebert_sentiment_roberta_large_english,s12,siebert
TV,-0.06251612385441326,0.049333529341500405,-0.15920984136375405,0.034177593654927535,0,TEMPLATE,siebert_sentiment_roberta_large_english,s13,siebert
DE,-0.030098507173332276,0.03050298434358816,-0.08988435648676507,0.029687342140100513,0,TEMPLATE,siebert_sentiment_roberta_large_english,s13,siebert
IE,0.02328724142622378,0.01509054390403686,-0.006290224625688467,0.05286470747813603,0,TEMPLATE,siebert_sentiment_roberta_large_english,s13,siebert
SE,0.009130375254857203,0.03470165951446737,-0.05888487739349883,0.07714562790321323,0,TEMPLATE,siebert_sentiment_roberta_large_english,s13,siebert
TV,0.3807433682705581,0.04767837293721465,0.2872937573136174,0.4741929792274988,+,TEMPLATE,siebert_sentiment_roberta_large_english,s14,siebert
DE,0.29076345595560915,0.03059142023831645,0.23080427228850892,0.3507226396227094,+,TEMPLATE,siebert_sentiment_roberta_large_english,s14,siebert
IE,-0.04578526682224881,0.0146122454002818,-0.07442526780680114,-0.01714526583769648,-,TEMPLATE,siebert_sentiment_roberta_large_english,s14,siebert
SE,-0.044194645492700156,0.04463956562653268,-0.1316881941207042,0.0432989031353039,0,TEMPLATE,siebert_sentiment_roberta_large_english,s14,siebert
